grouped_univ.university,grouped_univ.category_middle_name,grouped_univ.category_small_name,grouped_univ.cnt,grouped_univ.density
"가톨릭대학교 _제2캠퍼스",비알코올,카페,22,0.04280718678403473
"가톨릭대학교 _제2캠퍼스",한식,백반/한정식,19,0.04280718678403473
"가톨릭대학교 _제2캠퍼스",기타 간이,김밥/만두/분식,12,0.04280718678403473
"가톨릭대학교 _제2캠퍼스",구내식당·뷔페,구내식당,11,0.04280718678403473
"가톨릭대학교 _제2캠퍼스",기타 간이,빵/도넛,11,0.04280718678403473
"가톨릭대학교 _제2캠퍼스",일식,일식 회/초밥,8,0.04280718678403473
"가톨릭대학교 _제2캠퍼스",서양식,경양식,6,0.04280718678403473
"가톨릭대학교 _제2캠퍼스",기타 간이,피자,4,0.04280718678403473
"가톨릭대학교 _제2캠퍼스",중식,중국집,4,0.04280718678403473
"가톨릭대학교 _제2캠퍼스",동남아시아,베트남식 전문,2,0.04280718678403473
"가톨릭대학교 _제2캠퍼스",일식,일식 카레/돈가스/덮밥,2,0.04280718678403473
"가톨릭대학교 _제2캠퍼스",한식,족발/보쌈,2,0.04280718678403473
"가톨릭대학교 _제2캠퍼스",기타 간이,그 외 기타 간이 음식점,1,0.04280718678403473
"가톨릭대학교 _제2캠퍼스",기타 간이,떡/한과,1,0.04280718678403473
"가톨릭대학교 _제2캠퍼스",기타 간이,버거,1,0.04280718678403473
"가톨릭대학교 _제2캠퍼스",기타 간이,치킨,1,0.04280718678403473
"가톨릭대학교 _제2캠퍼스",기타 간이,토스트/샌드위치/샐러드,1,0.04280718678403473
"가톨릭대학교 _제2캠퍼스",서양식,파스타/스테이크,1,0.04280718678403473
"가톨릭대학교 _제2캠퍼스",주점,요리 주점,1,0.04280718678403473
"가톨릭대학교 _제2캠퍼스",중식,마라탕/훠궈,1,0.04280718678403473
"가톨릭대학교 _제2캠퍼스",한식,국/탕/찌개류,1,0.04280718678403473
"가톨릭대학교 _제2캠퍼스",한식,국수/칼국수,1,0.04280718678403473
"가톨릭대학교 _제2캠퍼스",한식,냉면/밀면,1,0.04280718678403473
"가톨릭대학교 _제2캠퍼스",한식,돼지고기 구이/찜,1,0.04280718678403473
"가톨릭대학교 _제2캠퍼스",한식,소고기 구이/찜,1,0.04280718678403473
"가톨릭대학교 _제2캠퍼스",한식,해산물 구이/찜,1,0.04280718678403473
"가톨릭대학교 _제2캠퍼스",한식,횟집,1,0.04280718678403473
"가톨릭대학교 _제3캠퍼스",비알코올,카페,108,0.0
"가톨릭대학교 _제3캠퍼스",한식,백반/한정식,78,0.0
"가톨릭대학교 _제3캠퍼스",주점,요리 주점,55,0.0
"가톨릭대학교 _제3캠퍼스",기타 간이,김밥/만두/분식,27,0.0
"가톨릭대학교 _제3캠퍼스",한식,돼지고기 구이/찜,25,0.0
"가톨릭대학교 _제3캠퍼스",서양식,경양식,23,0.0
"가톨릭대학교 _제3캠퍼스",기타 간이,빵/도넛,20,0.0
"가톨릭대학교 _제3캠퍼스",중식,중국집,19,0.0
"가톨릭대학교 _제3캠퍼스",일식,일식 회/초밥,17,0.0
"가톨릭대학교 _제3캠퍼스",기타 간이,치킨,16,0.0
"가톨릭대학교 _제3캠퍼스",기타 간이,피자,16,0.0
"가톨릭대학교 _제3캠퍼스",주점,생맥주 전문,14,0.0
"가톨릭대학교 _제3캠퍼스",한식,국수/칼국수,11,0.0
"가톨릭대학교 _제3캠퍼스",기타 간이,그 외 기타 간이 음식점,9,0.0
"가톨릭대학교 _제3캠퍼스",동남아시아,베트남식 전문,9,0.0
"가톨릭대학교 _제3캠퍼스",한식,곱창 전골/구이,9,0.0
"가톨릭대학교 _제3캠퍼스",한식,국/탕/찌개류,9,0.0
"가톨릭대학교 _제3캠퍼스",기타 간이,버거,6,0.0
"가톨릭대학교 _제3캠퍼스",한식,냉면/밀면,5,0.0
"가톨릭대학교 _제3캠퍼스",한식,해산물 구이/찜,5,0.0
"가톨릭대학교 _제3캠퍼스",한식,횟집,5,0.0
"가톨릭대학교 _제3캠퍼스",기타 간이,토스트/샌드위치/샐러드,4,0.0
"가톨릭대학교 _제3캠퍼스",서양식,파스타/스테이크,4,0.0
"가톨릭대학교 _제3캠퍼스",일식,일식 카레/돈가스/덮밥,4,0.0
"가톨릭대학교 _제3캠퍼스",주점,일반 유흥 주점,4,0.0
"가톨릭대학교 _제3캠퍼스",중식,마라탕/훠궈,3,0.0
"가톨릭대학교 _제3캠퍼스",기타 간이,떡/한과,2,0.0
"가톨릭대학교 _제3캠퍼스",기타 간이,아이스크림/빙수,2,0.0
"가톨릭대학교 _제3캠퍼스",서양식,기타 서양식 음식점,2,0.0
"가톨릭대학교 _제3캠퍼스",일식,일식 면 요리,2,0.0
"가톨릭대학교 _제3캠퍼스",구내식당·뷔페,구내식당,1,0.0
"가톨릭대학교 _제3캠퍼스",한식,닭/오리고기 구이/찜,1,0.0
"가톨릭대학교 _제3캠퍼스",한식,소고기 구이/찜,1,0.0
"가톨릭대학교 _제3캠퍼스",한식,족발/보쌈,1,0.0
"강서대학교",한식,백반/한정식,17,0.08971421680935729
"강서대학교",비알코올,카페,15,0.08971421680935729
"강서대학교",주점,요리 주점,8,0.08971421680935729
"강서대학교",기타 간이,치킨,7,0.08971421680935729
"강서대학교",기타 간이,김밥/만두/분식,6,0.08971421680935729
"강서대학교",한식,돼지고기 구이/찜,5,0.08971421680935729
"강서대학교",기타 간이,피자,4,0.08971421680935729
"강서대학교",서양식,경양식,4,0.08971421680935729
"강서대학교",일식,일식 회/초밥,4,0.08971421680935729
"강서대학교",주점,생맥주 전문,2,0.08971421680935729
"강서대학교",중식,중국집,2,0.08971421680935729
"강서대학교",한식,횟집,2,0.08971421680935729
"강서대학교",동남아시아,기타 동남아식 전문,1,0.08971421680935729
"강서대학교",동남아시아,베트남식 전문,1,0.08971421680935729
"강서대학교",중식,마라탕/훠궈,1,0.08971421680935729
"강서대학교",한식,곱창 전골/구이,1,0.08971421680935729
"강서대학교",한식,국/탕/찌개류,1,0.08971421680935729
"강서대학교",한식,국수/칼국수,1,0.08971421680935729
"강서대학교",한식,기타 한식 음식점,1,0.08971421680935729
"강서대학교",한식,냉면/밀면,1,0.08971421680935729
"강서대학교",한식,닭/오리고기 구이/찜,1,0.08971421680935729
"강서대학교",한식,소고기 구이/찜,1,0.08971421680935729
"강서대학교",한식,해산물 구이/찜,1,0.08971421680935729
"건국대학교",비알코올,카페,217,0.2750616688475927
"건국대학교",한식,백반/한정식,200,0.2750616688475927
"건국대학교",주점,요리 주점,147,0.2750616688475927
"건국대학교",한식,돼지고기 구이/찜,96,0.2750616688475927
"건국대학교",기타 간이,김밥/만두/분식,86,0.2750616688475927
"건국대학교",일식,일식 회/초밥,79,0.2750616688475927
"건국대학교",중식,중국집,63,0.2750616688475927
"건국대학교",서양식,경양식,58,0.2750616688475927
"건국대학교",기타 간이,빵/도넛,57,0.2750616688475927
"건국대학교",기타 간이,치킨,53,0.2750616688475927
"건국대학교",한식,국/탕/찌개류,43,0.2750616688475927
"건국대학교",기타 간이,피자,42,0.2750616688475927
"건국대학교",주점,생맥주 전문,36,0.2750616688475927
"건국대학교",한식,국수/칼국수,25,0.2750616688475927
"건국대학교",한식,곱창 전골/구이,15,0.2750616688475927
"건국대학교",동남아시아,베트남식 전문,14,0.2750616688475927
"건국대학교",중식,마라탕/훠궈,14,0.2750616688475927
"건국대학교",한식,횟집,14,0.2750616688475927
"건국대학교",기타 간이,아이스크림/빙수,13,0.2750616688475927
"건국대학교",한식,닭/오리고기 구이/찜,13,0.2750616688475927
"건국대학교",기타 간이,그 외 기타 간이 음식점,12,0.2750616688475927
"건국대학교",서양식,파스타/스테이크,11,0.2750616688475927
"건국대학교",한식,족발/보쌈,11,0.2750616688475927
"건국대학교",한식,해산물 구이/찜,11,0.2750616688475927
"건국대학교",기타 간이,버거,10,0.2750616688475927
"건국대학교",기타 간이,토스트/샌드위치/샐러드,10,0.2750616688475927
"건국대학교",일식,일식 면 요리,10,0.2750616688475927
"건국대학교",일식,일식 카레/돈가스/덮밥,10,0.2750616688475927
"건국대학교",주점,일반 유흥 주점,7,0.2750616688475927
"건국대학교",한식,냉면/밀면,7,0.2750616688475927
"건국대학교",구내식당·뷔페,구내식당,6,0.2750616688475927
"건국대학교",서양식,기타 서양식 음식점,6,0.2750616688475927
"건국대학교",한식,소고기 구이/찜,6,0.2750616688475927
"건국대학교",기타 간이,떡/한과,2,0.2750616688475927
"건국대학교",서양식,패밀리레스토랑,2,0.2750616688475927
"건국대학교",구내식당·뷔페,뷔페,1,0.2750616688475927
"건국대학교",일식,기타 일식 음식점,1,0.2750616688475927
"건국대학교",주점,무도 유흥 주점,1,0.2750616688475927
"건국대학교",한식,기타 한식 음식점,1,0.2750616688475927
"경희대학교",비알코올,카페,112,0.46271063056303613
"경희대학교",한식,백반/한정식,98,0.46271063056303613
"경희대학교",주점,요리 주점,60,0.46271063056303613
"경희대학교",기타 간이,김밥/만두/분식,47,0.46271063056303613
"경희대학교",중식,중국집,37,0.46271063056303613
"경희대학교",서양식,경양식,35,0.46271063056303613
"경희대학교",한식,돼지고기 구이/찜,33,0.46271063056303613
"경희대학교",일식,일식 회/초밥,30,0.46271063056303613
"경희대학교",기타 간이,치킨,27,0.46271063056303613
"경희대학교",기타 간이,빵/도넛,26,0.46271063056303613
"경희대학교",기타 간이,피자,23,0.46271063056303613
"경희대학교",동남아시아,베트남식 전문,18,0.46271063056303613
"경희대학교",한식,국/탕/찌개류,18,0.46271063056303613
"경희대학교",주점,생맥주 전문,16,0.46271063056303613
"경희대학교",중식,마라탕/훠궈,15,0.46271063056303613
"경희대학교",한식,곱창 전골/구이,10,0.46271063056303613
"경희대학교",한식,닭/오리고기 구이/찜,10,0.46271063056303613
"경희대학교",한식,족발/보쌈,10,0.46271063056303613
"경희대학교",기타 간이,버거,8,0.46271063056303613
"경희대학교",한식,국수/칼국수,8,0.46271063056303613
"경희대학교",기타 간이,그 외 기타 간이 음식점,7,0.46271063056303613
"경희대학교",기타 간이,토스트/샌드위치/샐러드,7,0.46271063056303613
"경희대학교",일식,일식 면 요리,7,0.46271063056303613
"경희대학교",일식,일식 카레/돈가스/덮밥,6,0.46271063056303613
"경희대학교",한식,횟집,5,0.46271063056303613
"경희대학교",한식,해산물 구이/찜,4,0.46271063056303613
"경희대학교",구내식당·뷔페,구내식당,3,0.46271063056303613
"경희대학교",주점,일반 유흥 주점,3,0.46271063056303613
"경희대학교",한식,소고기 구이/찜,3,0.46271063056303613
"경희대학교",기타 간이,떡/한과,2,0.46271063056303613
"경희대학교",기타 간이,아이스크림/빙수,2,0.46271063056303613
"경희대학교",서양식,기타 서양식 음식점,2,0.46271063056303613
"경희대학교",서양식,파스타/스테이크,2,0.46271063056303613
"경희대학교",일식,기타 일식 음식점,2,0.46271063056303613
"경희대학교",한식,기타 한식 음식점,2,0.46271063056303613
"경희대학교",구내식당·뷔페,뷔페,1,0.46271063056303613
"경희대학교",동남아시아,기타 동남아식 전문,1,0.46271063056303613
"경희대학교",한식,냉면/밀면,1,0.46271063056303613
"고려대학교",한식,백반/한정식,418,0.14851503727018361
"고려대학교",비알코올,카페,361,0.14851503727018361
"고려대학교",주점,요리 주점,175,0.14851503727018361
"고려대학교",한식,돼지고기 구이/찜,108,0.14851503727018361
"고려대학교",기타 간이,김밥/만두/분식,107,0.14851503727018361
"고려대학교",기타 간이,치킨,77,0.14851503727018361
"고려대학교",중식,중국집,71,0.14851503727018361
"고려대학교",기타 간이,빵/도넛,70,0.14851503727018361
"고려대학교",서양식,경양식,67,0.14851503727018361
"고려대학교",일식,일식 회/초밥,62,0.14851503727018361
"고려대학교",기타 간이,피자,53,0.14851503727018361
"고려대학교",한식,국/탕/찌개류,51,0.14851503727018361
"고려대학교",주점,생맥주 전문,50,0.14851503727018361
"고려대학교",한식,국수/칼국수,47,0.14851503727018361
"고려대학교",기타 간이,그 외 기타 간이 음식점,30,0.14851503727018361
"고려대학교",한식,횟집,30,0.14851503727018361
"고려대학교",한식,해산물 구이/찜,23,0.14851503727018361
"고려대학교",기타 간이,떡/한과,22,0.14851503727018361
"고려대학교",주점,일반 유흥 주점,22,0.14851503727018361
"고려대학교",동남아시아,베트남식 전문,20,0.14851503727018361
"고려대학교",한식,닭/오리고기 구이/찜,20,0.14851503727018361
"고려대학교",구내식당·뷔페,구내식당,19,0.14851503727018361
"고려대학교",한식,냉면/밀면,17,0.14851503727018361
"고려대학교",일식,일식 카레/돈가스/덮밥,16,0.14851503727018361
"고려대학교",중식,마라탕/훠궈,16,0.14851503727018361
"고려대학교",기타 간이,버거,15,0.14851503727018361
"고려대학교",한식,곱창 전골/구이,15,0.14851503727018361
"고려대학교",한식,족발/보쌈,14,0.14851503727018361
"고려대학교",기타 간이,토스트/샌드위치/샐러드,12,0.14851503727018361
"고려대학교",기타 간이,아이스크림/빙수,10,0.14851503727018361
"고려대학교",서양식,파스타/스테이크,10,0.14851503727018361
"고려대학교",일식,일식 면 요리,10,0.14851503727018361
"고려대학교",한식,소고기 구이/찜,10,0.14851503727018361
"고려대학교",한식,기타 한식 음식점,5,0.14851503727018361
"고려대학교",서양식,기타 서양식 음식점,2,0.14851503727018361
"고려대학교",구내식당·뷔페,뷔페,1,0.14851503727018361
"고려대학교",동남아시아,기타 동남아식 전문,1,0.14851503727018361
"고려대학교",일식,기타 일식 음식점,1,0.14851503727018361
"고려대학교",한식,전/부침개,1,0.14851503727018361
"광운대학교",비알코올,카페,30,0.49276498251537443
"광운대학교",한식,백반/한정식,30,0.49276498251537443
"광운대학교",기타 간이,김밥/만두/분식,17,0.49276498251537443
"광운대학교",기타 간이,치킨,11,0.49276498251537443
"광운대학교",중식,중국집,11,0.49276498251537443
"광운대학교",한식,돼지고기 구이/찜,11,0.49276498251537443
"광운대학교",기타 간이,빵/도넛,10,0.49276498251537443
"광운대학교",주점,요리 주점,9,0.49276498251537443
"광운대학교",한식,국/탕/찌개류,8,0.49276498251537443
"광운대학교",한식,국수/칼국수,6,0.49276498251537443
"광운대학교",일식,일식 회/초밥,5,0.49276498251537443
"광운대학교",한식,해산물 구이/찜,5,0.49276498251537443
"광운대학교",서양식,경양식,4,0.49276498251537443
"광운대학교",기타 간이,그 외 기타 간이 음식점,3,0.49276498251537443
"광운대학교",기타 간이,버거,3,0.49276498251537443
"광운대학교",기타 간이,피자,3,0.49276498251537443
"광운대학교",한식,곱창 전골/구이,3,0.49276498251537443
"광운대학교",구내식당·뷔페,구내식당,2,0.49276498251537443
"광운대학교",기타 간이,토스트/샌드위치/샐러드,2,0.49276498251537443
"광운대학교",동남아시아,베트남식 전문,2,0.49276498251537443
"광운대학교",중식,마라탕/훠궈,2,0.49276498251537443
"광운대학교",한식,족발/보쌈,2,0.49276498251537443
"광운대학교",기타 간이,떡/한과,1,0.49276498251537443
"광운대학교",기타 간이,아이스크림/빙수,1,0.49276498251537443
"광운대학교",서양식,기타 서양식 음식점,1,0.49276498251537443
"광운대학교",서양식,파스타/스테이크,1,0.49276498251537443
"광운대학교",일식,일식 면 요리,1,0.49276498251537443
"광운대학교",일식,일식 카레/돈가스/덮밥,1,0.49276498251537443
"광운대학교",주점,생맥주 전문,1,0.49276498251537443
"광운대학교",주점,일반 유흥 주점,1,0.49276498251537443
"광운대학교",한식,냉면/밀면,1,0.49276498251537443
"광운대학교",한식,닭/오리고기 구이/찜,1,0.49276498251537443
"광운대학교",한식,소고기 구이/찜,1,0.49276498251537443
"광운대학교",한식,전/부침개,1,0.49276498251537443
"광운대학교",한식,횟집,1,0.49276498251537443
"국민대학교",한식,백반/한정식,11,0.5933149778260113
"국민대학교",비알코올,카페,7,0.5933149778260113
"국민대학교",주점,요리 주점,7,0.5933149778260113
"국민대학교",일식,일식 회/초밥,3,0.5933149778260113
"국민대학교",한식,돼지고기 구이/찜,3,0.5933149778260113
"국민대학교",구내식당·뷔페,구내식당,2,0.5933149778260113
"국민대학교",기타 간이,빵/도넛,2,0.5933149778260113
"국민대학교",기타 간이,치킨,2,0.5933149778260113
"국민대학교",중식,중국집,2,0.5933149778260113
"국민대학교",기타 간이,김밥/만두/분식,1,0.5933149778260113
"국민대학교",기타 간이,토스트/샌드위치/샐러드,1,0.5933149778260113
"국민대학교",동남아시아,베트남식 전문,1,0.5933149778260113
"국민대학교",서양식,경양식,1,0.5933149778260113
"국민대학교",주점,일반 유흥 주점,1,0.5933149778260113
"덕성여자대학교",한식,백반/한정식,37,0.21109000897678099
"덕성여자대학교",비알코올,카페,33,0.21109000897678099
"덕성여자대학교",주점,요리 주점,19,0.21109000897678099
"덕성여자대학교",한식,돼지고기 구이/찜,14,0.21109000897678099
"덕성여자대학교",기타 간이,김밥/만두/분식,13,0.21109000897678099
"덕성여자대학교",기타 간이,치킨,12,0.21109000897678099
"덕성여자대학교",한식,국/탕/찌개류,9,0.21109000897678099
"덕성여자대학교",기타 간이,빵/도넛,8,0.21109000897678099
"덕성여자대학교",한식,횟집,8,0.21109000897678099
"덕성여자대학교",서양식,경양식,7,0.21109000897678099
"덕성여자대학교",일식,일식 회/초밥,7,0.21109000897678099
"덕성여자대학교",한식,국수/칼국수,6,0.21109000897678099
"덕성여자대학교",주점,생맥주 전문,5,0.21109000897678099
"덕성여자대학교",기타 간이,피자,4,0.21109000897678099
"덕성여자대학교",중식,중국집,4,0.21109000897678099
"덕성여자대학교",기타 간이,떡/한과,3,0.21109000897678099
"덕성여자대학교",기타 간이,버거,3,0.21109000897678099
"덕성여자대학교",한식,해산물 구이/찜,3,0.21109000897678099
"덕성여자대학교",동남아시아,베트남식 전문,2,0.21109000897678099
"덕성여자대학교",서양식,기타 서양식 음식점,2,0.21109000897678099
"덕성여자대학교",일식,일식 면 요리,2,0.21109000897678099
"덕성여자대학교",중식,마라탕/훠궈,2,0.21109000897678099
"덕성여자대학교",한식,족발/보쌈,2,0.21109000897678099
"덕성여자대학교",구내식당·뷔페,구내식당,1,0.21109000897678099
"덕성여자대학교",기타 간이,그 외 기타 간이 음식점,1,0.21109000897678099
"덕성여자대학교",기타 간이,아이스크림/빙수,1,0.21109000897678099
"덕성여자대학교",기타 간이,토스트/샌드위치/샐러드,1,0.21109000897678099
"덕성여자대학교",주점,일반 유흥 주점,1,0.21109000897678099
"덕성여자대학교",한식,곱창 전골/구이,1,0.21109000897678099
"덕성여자대학교",한식,닭/오리고기 구이/찜,1,0.21109000897678099
"덕성여자대학교",한식,전/부침개,1,0.21109000897678099
"동국대학교",한식,백반/한정식,89,0.5545021236116136
"동국대학교",비알코올,카페,70,0.5545021236116136
"동국대학교",주점,요리 주점,22,0.5545021236116136
"동국대학교",서양식,경양식,16,0.5545021236116136
"동국대학교",일식,일식 회/초밥,16,0.5545021236116136
"동국대학교",기타 간이,김밥/만두/분식,13,0.5545021236116136
"동국대학교",중식,중국집,12,0.5545021236116136
"동국대학교",한식,돼지고기 구이/찜,12,0.5545021236116136
"동국대학교",기타 간이,치킨,9,0.5545021236116136
"동국대학교",주점,생맥주 전문,9,0.5545021236116136
"동국대학교",기타 간이,빵/도넛,8,0.5545021236116136
"동국대학교",기타 간이,피자,7,0.5545021236116136
"동국대학교",한식,국수/칼국수,7,0.5545021236116136
"동국대학교",기타 간이,버거,5,0.5545021236116136
"동국대학교",동남아시아,베트남식 전문,5,0.5545021236116136
"동국대학교",한식,국/탕/찌개류,5,0.5545021236116136
"동국대학교",한식,닭/오리고기 구이/찜,5,0.5545021236116136
"동국대학교",구내식당·뷔페,구내식당,4,0.5545021236116136
"동국대학교",기타 간이,그 외 기타 간이 음식점,4,0.5545021236116136
"동국대학교",중식,마라탕/훠궈,4,0.5545021236116136
"동국대학교",한식,소고기 구이/찜,4,0.5545021236116136
"동국대학교",한식,횟집,4,0.5545021236116136
"동국대학교",주점,일반 유흥 주점,3,0.5545021236116136
"동국대학교",한식,곱창 전골/구이,3,0.5545021236116136
"동국대학교",한식,냉면/밀면,3,0.5545021236116136
"동국대학교",한식,족발/보쌈,3,0.5545021236116136
"동국대학교",한식,해산물 구이/찜,3,0.5545021236116136
"동국대학교",기타 간이,토스트/샌드위치/샐러드,2,0.5545021236116136
"동국대학교",일식,일식 카레/돈가스/덮밥,2,0.5545021236116136
"동국대학교",한식,복 요리 전문,2,0.5545021236116136
"동국대학교",한식,전/부침개,2,0.5545021236116136
"동국대학교",기타 간이,아이스크림/빙수,1,0.5545021236116136
"동국대학교",동남아시아,기타 동남아식 전문,1,0.5545021236116136
"동국대학교",일식,일식 면 요리,1,0.5545021236116136
"동덕여자대학교",비알코올,카페,31,0.4085976124442301
"동덕여자대학교",한식,백반/한정식,28,0.4085976124442301
"동덕여자대학교",기타 간이,김밥/만두/분식,22,0.4085976124442301
"동덕여자대학교",기타 간이,빵/도넛,16,0.4085976124442301
"동덕여자대학교",기타 간이,치킨,16,0.4085976124442301
"동덕여자대학교",기타 간이,피자,14,0.4085976124442301
"동덕여자대학교",일식,일식 회/초밥,13,0.4085976124442301
"동덕여자대학교",한식,돼지고기 구이/찜,13,0.4085976124442301
"동덕여자대학교",주점,요리 주점,11,0.4085976124442301
"동덕여자대학교",기타 간이,그 외 기타 간이 음식점,7,0.4085976124442301
"동덕여자대학교",서양식,경양식,7,0.4085976124442301
"동덕여자대학교",기타 간이,떡/한과,6,0.4085976124442301
"동덕여자대학교",주점,생맥주 전문,5,0.4085976124442301
"동덕여자대학교",한식,곱창 전골/구이,5,0.4085976124442301
"동덕여자대학교",한식,국/탕/찌개류,5,0.4085976124442301
"동덕여자대학교",한식,국수/칼국수,5,0.4085976124442301
"동덕여자대학교",중식,중국집,4,0.4085976124442301
"동덕여자대학교",한식,횟집,4,0.4085976124442301
"동덕여자대학교",기타 간이,토스트/샌드위치/샐러드,3,0.4085976124442301
"동덕여자대학교",동남아시아,베트남식 전문,3,0.4085976124442301
"동덕여자대학교",한식,닭/오리고기 구이/찜,3,0.4085976124442301
"동덕여자대학교",한식,족발/보쌈,3,0.4085976124442301
"동덕여자대학교",기타 간이,버거,2,0.4085976124442301
"동덕여자대학교",기타 간이,아이스크림/빙수,2,0.4085976124442301
"동덕여자대학교",중식,마라탕/훠궈,2,0.4085976124442301
"동덕여자대학교",한식,해산물 구이/찜,2,0.4085976124442301
"동덕여자대학교",구내식당·뷔페,구내식당,1,0.4085976124442301
"동덕여자대학교",서양식,파스타/스테이크,1,0.4085976124442301
"동덕여자대학교",일식,일식 카레/돈가스/덮밥,1,0.4085976124442301
"동양미래대학교",한식,백반/한정식,24,0.5636681538647051
"동양미래대학교",비알코올,카페,16,0.5636681538647051
"동양미래대학교",기타 간이,김밥/만두/분식,12,0.5636681538647051
"동양미래대학교",기타 간이,치킨,12,0.5636681538647051
"동양미래대학교",주점,요리 주점,10,0.5636681538647051
"동양미래대학교",한식,돼지고기 구이/찜,10,0.5636681538647051
"동양미래대학교",주점,생맥주 전문,8,0.5636681538647051
"동양미래대학교",일식,일식 회/초밥,7,0.5636681538647051
"동양미래대학교",한식,국수/칼국수,6,0.5636681538647051
"동양미래대학교",기타 간이,빵/도넛,4,0.5636681538647051
"동양미래대학교",한식,국/탕/찌개류,4,0.5636681538647051
"동양미래대학교",구내식당·뷔페,구내식당,3,0.5636681538647051
"동양미래대학교",기타 간이,그 외 기타 간이 음식점,3,0.5636681538647051
"동양미래대학교",기타 간이,피자,3,0.5636681538647051
"동양미래대학교",서양식,경양식,3,0.5636681538647051
"동양미래대학교",중식,마라탕/훠궈,3,0.5636681538647051
"동양미래대학교",중식,중국집,3,0.5636681538647051
"동양미래대학교",한식,소고기 구이/찜,3,0.5636681538647051
"동양미래대학교",기타 간이,버거,2,0.5636681538647051
"동양미래대학교",기타 간이,토스트/샌드위치/샐러드,2,0.5636681538647051
"동양미래대학교",서양식,기타 서양식 음식점,2,0.5636681538647051
"동양미래대학교",주점,일반 유흥 주점,2,0.5636681538647051
"동양미래대학교",한식,곱창 전골/구이,2,0.5636681538647051
"동양미래대학교",한식,횟집,2,0.5636681538647051
"동양미래대학교",기타 간이,떡/한과,1,0.5636681538647051
"동양미래대학교",기타 간이,아이스크림/빙수,1,0.5636681538647051
"동양미래대학교",동남아시아,기타 동남아식 전문,1,0.5636681538647051
"동양미래대학교",일식,기타 일식 음식점,1,0.5636681538647051
"동양미래대학교",일식,일식 면 요리,1,0.5636681538647051
"동양미래대학교",일식,일식 카레/돈가스/덮밥,1,0.5636681538647051
"동양미래대학교",한식,냉면/밀면,1,0.5636681538647051
"동양미래대학교",한식,닭/오리고기 구이/찜,1,0.5636681538647051
"동양미래대학교",한식,전/부침개,1,0.5636681538647051
"동양미래대학교",한식,족발/보쌈,1,0.5636681538647051
"동양미래대학교",한식,해산물 구이/찜,1,0.5636681538647051
"명지대학교",비알코올,카페,67,0.4336187145785602
"명지대학교",한식,백반/한정식,55,0.4336187145785602
"명지대학교",기타 간이,김밥/만두/분식,38,0.4336187145785602
"명지대학교",주점,요리 주점,24,0.4336187145785602
"명지대학교",기타 간이,치킨,21,0.4336187145785602
"명지대학교",기타 간이,빵/도넛,18,0.4336187145785602
"명지대학교",한식,돼지고기 구이/찜,17,0.4336187145785602
"명지대학교",일식,일식 회/초밥,13,0.4336187145785602
"명지대학교",기타 간이,피자,11,0.4336187145785602
"명지대학교",중식,중국집,11,0.4336187145785602
"명지대학교",서양식,경양식,10,0.4336187145785602
"명지대학교",한식,국/탕/찌개류,10,0.4336187145785602
"명지대학교",중식,마라탕/훠궈,8,0.4336187145785602
"명지대학교",기타 간이,버거,7,0.4336187145785602
"명지대학교",한식,족발/보쌈,7,0.4336187145785602
"명지대학교",주점,생맥주 전문,6,0.4336187145785602
"명지대학교",한식,횟집,6,0.4336187145785602
"명지대학교",한식,닭/오리고기 구이/찜,5,0.4336187145785602
"명지대학교",기타 간이,그 외 기타 간이 음식점,4,0.4336187145785602
"명지대학교",기타 간이,떡/한과,4,0.4336187145785602
"명지대학교",한식,곱창 전골/구이,4,0.4336187145785602
"명지대학교",한식,국수/칼국수,4,0.4336187145785602
"명지대학교",기타 간이,토스트/샌드위치/샐러드,3,0.4336187145785602
"명지대학교",동남아시아,베트남식 전문,3,0.4336187145785602
"명지대학교",기타 간이,아이스크림/빙수,2,0.4336187145785602
"명지대학교",일식,일식 면 요리,2,0.4336187145785602
"명지대학교",일식,일식 카레/돈가스/덮밥,2,0.4336187145785602
"명지대학교",주점,일반 유흥 주점,2,0.4336187145785602
"명지대학교",한식,해산물 구이/찜,2,0.4336187145785602
"명지대학교",구내식당·뷔페,구내식당,1,0.4336187145785602
"명지대학교",구내식당·뷔페,뷔페,1,0.4336187145785602
"명지대학교",서양식,기타 서양식 음식점,1,0.4336187145785602
"명지대학교",서양식,파스타/스테이크,1,0.4336187145785602
"명지대학교",한식,기타 한식 음식점,1,0.4336187145785602
"명지대학교",한식,냉면/밀면,1,0.4336187145785602
"명지대학교",한식,소고기 구이/찜,1,0.4336187145785602
"명지전문대학",비알코올,카페,28,0.5505245387676354
"명지전문대학",기타 간이,김밥/만두/분식,21,0.5505245387676354
"명지전문대학",한식,백반/한정식,20,0.5505245387676354
"명지전문대학",기타 간이,빵/도넛,9,0.5505245387676354
"명지전문대학",주점,요리 주점,9,0.5505245387676354
"명지전문대학",한식,돼지고기 구이/찜,8,0.5505245387676354
"명지전문대학",기타 간이,치킨,7,0.5505245387676354
"명지전문대학",서양식,경양식,7,0.5505245387676354
"명지전문대학",일식,일식 회/초밥,6,0.5505245387676354
"명지전문대학",중식,마라탕/훠궈,6,0.5505245387676354
"명지전문대학",주점,생맥주 전문,4,0.5505245387676354
"명지전문대학",중식,중국집,4,0.5505245387676354
"명지전문대학",기타 간이,그 외 기타 간이 음식점,3,0.5505245387676354
"명지전문대학",기타 간이,피자,3,0.5505245387676354
"명지전문대학",한식,횟집,3,0.5505245387676354
"명지전문대학",구내식당·뷔페,구내식당,2,0.5505245387676354
"명지전문대학",기타 간이,떡/한과,2,0.5505245387676354
"명지전문대학",한식,곱창 전골/구이,2,0.5505245387676354
"명지전문대학",한식,국수/칼국수,2,0.5505245387676354
"명지전문대학",기타 간이,버거,1,0.5505245387676354
"명지전문대학",동남아시아,베트남식 전문,1,0.5505245387676354
"명지전문대학",일식,일식 카레/돈가스/덮밥,1,0.5505245387676354
"명지전문대학",주점,일반 유흥 주점,1,0.5505245387676354
"명지전문대학",한식,국/탕/찌개류,1,0.5505245387676354
"명지전문대학",한식,기타 한식 음식점,1,0.5505245387676354
"명지전문대학",한식,닭/오리고기 구이/찜,1,0.5505245387676354
"명지전문대학",한식,족발/보쌈,1,0.5505245387676354
"명지전문대학",한식,해산물 구이/찜,1,0.5505245387676354
"배화여자대학교",비알코올,카페,111,0.17285662607017965
"배화여자대학교",한식,백반/한정식,89,0.17285662607017965
"배화여자대학교",서양식,경양식,57,0.17285662607017965
"배화여자대학교",주점,요리 주점,49,0.17285662607017965
"배화여자대학교",기타 간이,빵/도넛,32,0.17285662607017965
"배화여자대학교",기타 간이,김밥/만두/분식,30,0.17285662607017965
"배화여자대학교",한식,돼지고기 구이/찜,27,0.17285662607017965
"배화여자대학교",일식,일식 회/초밥,26,0.17285662607017965
"배화여자대학교",기타 간이,피자,15,0.17285662607017965
"배화여자대학교",한식,국수/칼국수,14,0.17285662607017965
"배화여자대학교",한식,횟집,12,0.17285662607017965
"배화여자대학교",주점,일반 유흥 주점,11,0.17285662607017965
"배화여자대학교",한식,국/탕/찌개류,11,0.17285662607017965
"배화여자대학교",기타 간이,치킨,10,0.17285662607017965
"배화여자대학교",기타 간이,그 외 기타 간이 음식점,9,0.17285662607017965
"배화여자대학교",주점,생맥주 전문,9,0.17285662607017965
"배화여자대학교",중식,중국집,8,0.17285662607017965
"배화여자대학교",한식,해산물 구이/찜,6,0.17285662607017965
"배화여자대학교",동남아시아,베트남식 전문,5,0.17285662607017965
"배화여자대학교",한식,곱창 전골/구이,5,0.17285662607017965
"배화여자대학교",기타 간이,떡/한과,4,0.17285662607017965
"배화여자대학교",구내식당·뷔페,구내식당,3,0.17285662607017965
"배화여자대학교",기타 간이,토스트/샌드위치/샐러드,3,0.17285662607017965
"배화여자대학교",기타 간이,버거,2,0.17285662607017965
"배화여자대학교",한식,닭/오리고기 구이/찜,2,0.17285662607017965
"배화여자대학교",한식,족발/보쌈,2,0.17285662607017965
"배화여자대학교",일식,일식 면 요리,1,0.17285662607017965
"배화여자대학교",한식,냉면/밀면,1,0.17285662607017965
"배화여자대학교",한식,복 요리 전문,1,0.17285662607017965
"배화여자대학교",한식,소고기 구이/찜,1,0.17285662607017965
"배화여자대학교",한식,전/부침개,1,0.17285662607017965
"삼육대학교",비알코올,카페,3,0.10959355781984806
"삼육대학교",한식,백반/한정식,1,0.10959355781984806
"삼육보건대학교",비알코올,카페,32,0.08314240926082238
"삼육보건대학교",한식,백반/한정식,30,0.08314240926082238
"삼육보건대학교",기타 간이,김밥/만두/분식,14,0.08314240926082238
"삼육보건대학교",한식,돼지고기 구이/찜,8,0.08314240926082238
"삼육보건대학교",주점,요리 주점,7,0.08314240926082238
"삼육보건대학교",한식,국/탕/찌개류,7,0.08314240926082238
"삼육보건대학교",기타 간이,치킨,5,0.08314240926082238
"삼육보건대학교",기타 간이,빵/도넛,4,0.08314240926082238
"삼육보건대학교",기타 간이,피자,4,0.08314240926082238
"삼육보건대학교",서양식,경양식,4,0.08314240926082238
"삼육보건대학교",일식,일식 회/초밥,3,0.08314240926082238
"삼육보건대학교",주점,생맥주 전문,3,0.08314240926082238
"삼육보건대학교",한식,닭/오리고기 구이/찜,3,0.08314240926082238
"삼육보건대학교",한식,해산물 구이/찜,3,0.08314240926082238
"삼육보건대학교",기타 간이,떡/한과,2,0.08314240926082238
"삼육보건대학교",기타 간이,토스트/샌드위치/샐러드,2,0.08314240926082238
"삼육보건대학교",동남아시아,베트남식 전문,2,0.08314240926082238
"삼육보건대학교",일식,일식 카레/돈가스/덮밥,2,0.08314240926082238
"삼육보건대학교",중식,중국집,2,0.08314240926082238
"삼육보건대학교",한식,곱창 전골/구이,2,0.08314240926082238
"삼육보건대학교",한식,국수/칼국수,2,0.08314240926082238
"삼육보건대학교",한식,횟집,2,0.08314240926082238
"삼육보건대학교",구내식당·뷔페,구내식당,1,0.08314240926082238
"삼육보건대학교",기타 간이,버거,1,0.08314240926082238
"삼육보건대학교",기타 간이,아이스크림/빙수,1,0.08314240926082238
"삼육보건대학교",서양식,기타 서양식 음식점,1,0.08314240926082238
"삼육보건대학교",주점,일반 유흥 주점,1,0.08314240926082238
"삼육보건대학교",한식,소고기 구이/찜,1,0.08314240926082238
"삼육보건대학교",한식,족발/보쌈,1,0.08314240926082238
"상명대학교",비알코올,카페,19,0.24437611372375628
"상명대학교",한식,백반/한정식,12,0.24437611372375628
"상명대학교",기타 간이,김밥/만두/분식,6,0.24437611372375628
"상명대학교",주점,요리 주점,6,0.24437611372375628
"상명대학교",기타 간이,빵/도넛,3,0.24437611372375628
"상명대학교",기타 간이,피자,3,0.24437611372375628
"상명대학교",구내식당·뷔페,구내식당,2,0.24437611372375628
"상명대학교",기타 간이,버거,2,0.24437611372375628
"상명대학교",기타 간이,치킨,2,0.24437611372375628
"상명대학교",한식,국/탕/찌개류,2,0.24437611372375628
"상명대학교",한식,돼지고기 구이/찜,2,0.24437611372375628
"상명대학교",기타 간이,떡/한과,1,0.24437611372375628
"상명대학교",서양식,경양식,1,0.24437611372375628
"상명대학교",일식,기타 일식 음식점,1,0.24437611372375628
"상명대학교",일식,일식 회/초밥,1,0.24437611372375628
"상명대학교",주점,생맥주 전문,1,0.24437611372375628
"상명대학교",주점,일반 유흥 주점,1,0.24437611372375628
"상명대학교",중식,중국집,1,0.24437611372375628
"상명대학교",한식,곱창 전골/구이,1,0.24437611372375628
"상명대학교",한식,냉면/밀면,1,0.24437611372375628
"상명대학교",한식,복 요리 전문,1,0.24437611372375628
"상명대학교",한식,횟집,1,0.24437611372375628
"서강대학교",비알코올,카페,140,0.23882202103076855
"서강대학교",한식,백반/한정식,95,0.23882202103076855
"서강대학교",기타 간이,김밥/만두/분식,49,0.23882202103076855
"서강대학교",주점,요리 주점,34,0.23882202103076855
"서강대학교",기타 간이,빵/도넛,29,0.23882202103076855
"서강대학교",한식,돼지고기 구이/찜,28,0.23882202103076855
"서강대학교",한식,국/탕/찌개류,27,0.23882202103076855
"서강대학교",서양식,경양식,26,0.23882202103076855
"서강대학교",기타 간이,피자,22,0.23882202103076855
"서강대학교",기타 간이,치킨,21,0.23882202103076855
"서강대학교",일식,일식 회/초밥,18,0.23882202103076855
"서강대학교",중식,중국집,15,0.23882202103076855
"서강대학교",한식,국수/칼국수,15,0.23882202103076855
"서강대학교",주점,일반 유흥 주점,13,0.23882202103076855
"서강대학교",기타 간이,떡/한과,9,0.23882202103076855
"서강대학교",동남아시아,베트남식 전문,8,0.23882202103076855
"서강대학교",한식,해산물 구이/찜,8,0.23882202103076855
"서강대학교",기타 간이,버거,7,0.23882202103076855
"서강대학교",구내식당·뷔페,구내식당,5,0.23882202103076855
"서강대학교",기타 간이,그 외 기타 간이 음식점,5,0.23882202103076855
"서강대학교",기타 간이,토스트/샌드위치/샐러드,4,0.23882202103076855
"서강대학교",서양식,기타 서양식 음식점,4,0.23882202103076855
"서강대학교",한식,족발/보쌈,4,0.23882202103076855
"서강대학교",한식,횟집,4,0.23882202103076855
"서강대학교",서양식,파스타/스테이크,3,0.23882202103076855
"서강대학교",일식,일식 면 요리,3,0.23882202103076855
"서강대학교",주점,생맥주 전문,3,0.23882202103076855
"서강대학교",한식,곱창 전골/구이,3,0.23882202103076855
"서강대학교",동남아시아,기타 동남아식 전문,2,0.23882202103076855
"서강대학교",일식,일식 카레/돈가스/덮밥,2,0.23882202103076855
"서강대학교",중식,마라탕/훠궈,2,0.23882202103076855
"서강대학교",한식,냉면/밀면,2,0.23882202103076855
"서강대학교",한식,닭/오리고기 구이/찜,2,0.23882202103076855
"서강대학교",한식,소고기 구이/찜,2,0.23882202103076855
"서강대학교",구내식당·뷔페,뷔페,1,0.23882202103076855
"서강대학교",기타 간이,아이스크림/빙수,1,0.23882202103076855
"서경대학교",한식,백반/한정식,18,0.39123357048112867
"서경대학교",비알코올,카페,17,0.39123357048112867
"서경대학교",기타 간이,김밥/만두/분식,9,0.39123357048112867
"서경대학교",기타 간이,치킨,8,0.39123357048112867
"서경대학교",구내식당·뷔페,구내식당,3,0.39123357048112867
"서경대학교",주점,요리 주점,3,0.39123357048112867
"서경대학교",한식,돼지고기 구이/찜,3,0.39123357048112867
"서경대학교",한식,해산물 구이/찜,3,0.39123357048112867
"서경대학교",기타 간이,떡/한과,2,0.39123357048112867
"서경대학교",기타 간이,피자,2,0.39123357048112867
"서경대학교",서양식,기타 서양식 음식점,2,0.39123357048112867
"서경대학교",일식,일식 회/초밥,2,0.39123357048112867
"서경대학교",한식,국/탕/찌개류,2,0.39123357048112867
"서경대학교",기타 간이,그 외 기타 간이 음식점,1,0.39123357048112867
"서경대학교",기타 간이,버거,1,0.39123357048112867
"서경대학교",기타 간이,빵/도넛,1,0.39123357048112867
"서경대학교",서양식,경양식,1,0.39123357048112867
"서경대학교",서양식,파스타/스테이크,1,0.39123357048112867
"서경대학교",주점,생맥주 전문,1,0.39123357048112867
"서경대학교",주점,일반 유흥 주점,1,0.39123357048112867
"서경대학교",중식,마라탕/훠궈,1,0.39123357048112867
"서경대학교",중식,중국집,1,0.39123357048112867
"서경대학교",한식,국수/칼국수,1,0.39123357048112867
"서경대학교",한식,닭/오리고기 구이/찜,1,0.39123357048112867
"서경대학교",한식,족발/보쌈,1,0.39123357048112867
"서경대학교",한식,횟집,1,0.39123357048112867
"서울과학기술대학교",비알코올,카페,112,0.13942481610997226
"서울과학기술대학교",한식,백반/한정식,107,0.13942481610997226
"서울과학기술대학교",한식,돼지고기 구이/찜,50,0.13942481610997226
"서울과학기술대학교",주점,요리 주점,47,0.13942481610997226
"서울과학기술대학교",기타 간이,치킨,42,0.13942481610997226
"서울과학기술대학교",기타 간이,김밥/만두/분식,37,0.13942481610997226
"서울과학기술대학교",기타 간이,빵/도넛,35,0.13942481610997226
"서울과학기술대학교",서양식,경양식,27,0.13942481610997226
"서울과학기술대학교",기타 간이,피자,26,0.13942481610997226
"서울과학기술대학교",일식,일식 회/초밥,24,0.13942481610997226
"서울과학기술대학교",중식,중국집,16,0.13942481610997226
"서울과학기술대학교",한식,국/탕/찌개류,15,0.13942481610997226
"서울과학기술대학교",한식,곱창 전골/구이,13,0.13942481610997226
"서울과학기술대학교",한식,국수/칼국수,12,0.13942481610997226
"서울과학기술대학교",기타 간이,그 외 기타 간이 음식점,9,0.13942481610997226
"서울과학기술대학교",기타 간이,버거,9,0.13942481610997226
"서울과학기술대학교",주점,생맥주 전문,9,0.13942481610997226
"서울과학기술대학교",한식,족발/보쌈,8,0.13942481610997226
"서울과학기술대학교",한식,횟집,7,0.13942481610997226
"서울과학기술대학교",기타 간이,떡/한과,6,0.13942481610997226
"서울과학기술대학교",동남아시아,베트남식 전문,6,0.13942481610997226
"서울과학기술대학교",한식,닭/오리고기 구이/찜,6,0.13942481610997226
"서울과학기술대학교",한식,해산물 구이/찜,6,0.13942481610997226
"서울과학기술대학교",서양식,파스타/스테이크,4,0.13942481610997226
"서울과학기술대학교",중식,마라탕/훠궈,4,0.13942481610997226
"서울과학기술대학교",기타 간이,아이스크림/빙수,3,0.13942481610997226
"서울과학기술대학교",기타 간이,토스트/샌드위치/샐러드,3,0.13942481610997226
"서울과학기술대학교",서양식,기타 서양식 음식점,3,0.13942481610997226
"서울과학기술대학교",일식,일식 카레/돈가스/덮밥,3,0.13942481610997226
"서울과학기술대학교",주점,일반 유흥 주점,3,0.13942481610997226
"서울과학기술대학교",일식,일식 면 요리,2,0.13942481610997226
"서울과학기술대학교",한식,냉면/밀면,2,0.13942481610997226
"서울과학기술대학교",한식,소고기 구이/찜,2,0.13942481610997226
"서울과학기술대학교",구내식당·뷔페,구내식당,1,0.13942481610997226
"서울과학기술대학교",동남아시아,기타 동남아식 전문,1,0.13942481610997226
"서울과학기술대학교",일식,기타 일식 음식점,1,0.13942481610997226
"서울과학기술대학교",한식,복 요리 전문,1,0.13942481610997226
"서울과학기술대학교",한식,전/부침개,1,0.13942481610997226
"서울기독대학교",비알코올,카페,41,0.025503436633305194
"서울기독대학교",한식,백반/한정식,36,0.025503436633305194
"서울기독대학교",한식,돼지고기 구이/찜,22,0.025503436633305194
"서울기독대학교",기타 간이,김밥/만두/분식,20,0.025503436633305194
"서울기독대학교",기타 간이,빵/도넛,19,0.025503436633305194
"서울기독대학교",주점,요리 주점,14,0.025503436633305194
"서울기독대학교",기타 간이,치킨,13,0.025503436633305194
"서울기독대학교",기타 간이,피자,13,0.025503436633305194
"서울기독대학교",중식,중국집,11,0.025503436633305194
"서울기독대학교",한식,국/탕/찌개류,10,0.025503436633305194
"서울기독대학교",일식,일식 회/초밥,9,0.025503436633305194
"서울기독대학교",주점,생맥주 전문,8,0.025503436633305194
"서울기독대학교",한식,족발/보쌈,6,0.025503436633305194
"서울기독대학교",기타 간이,그 외 기타 간이 음식점,5,0.025503436633305194
"서울기독대학교",기타 간이,떡/한과,5,0.025503436633305194
"서울기독대학교",동남아시아,베트남식 전문,4,0.025503436633305194
"서울기독대학교",서양식,경양식,4,0.025503436633305194
"서울기독대학교",서양식,파스타/스테이크,4,0.025503436633305194
"서울기독대학교",한식,곱창 전골/구이,4,0.025503436633305194
"서울기독대학교",한식,닭/오리고기 구이/찜,4,0.025503436633305194
"서울기독대학교",한식,소고기 구이/찜,4,0.025503436633305194
"서울기독대학교",한식,해산물 구이/찜,4,0.025503436633305194
"서울기독대학교",기타 간이,아이스크림/빙수,3,0.025503436633305194
"서울기독대학교",한식,국수/칼국수,3,0.025503436633305194
"서울기독대학교",한식,횟집,3,0.025503436633305194
"서울기독대학교",주점,일반 유흥 주점,2,0.025503436633305194
"서울기독대학교",한식,기타 한식 음식점,2,0.025503436633305194
"서울기독대학교",구내식당·뷔페,뷔페,1,0.025503436633305194
"서울기독대학교",기타 간이,토스트/샌드위치/샐러드,1,0.025503436633305194
"서울기독대학교",서양식,기타 서양식 음식점,1,0.025503436633305194
"서울기독대학교",일식,기타 일식 음식점,1,0.025503436633305194
"서울기독대학교",일식,일식 면 요리,1,0.025503436633305194
"서울기독대학교",주점,무도 유흥 주점,1,0.025503436633305194
"서울기독대학교",중식,마라탕/훠궈,1,0.025503436633305194
"서울기독대학교",한식,냉면/밀면,1,0.025503436633305194
"서울기독대학교",한식,전/부침개,1,0.025503436633305194
"서울대학교",한식,백반/한정식,247,0.050893826118413116
"서울대학교",비알코올,카페,239,0.050893826118413116
"서울대학교",주점,요리 주점,125,0.050893826118413116
"서울대학교",기타 간이,김밥/만두/분식,100,0.050893826118413116
"서울대학교",한식,돼지고기 구이/찜,78,0.050893826118413116
"서울대학교",일식,일식 회/초밥,69,0.050893826118413116
"서울대학교",서양식,경양식,61,0.050893826118413116
"서울대학교",기타 간이,치킨,60,0.050893826118413116
"서울대학교",한식,국/탕/찌개류,49,0.050893826118413116
"서울대학교",기타 간이,빵/도넛,48,0.050893826118413116
"서울대학교",기타 간이,피자,48,0.050893826118413116
"서울대학교",중식,중국집,44,0.050893826118413116
"서울대학교",주점,생맥주 전문,35,0.050893826118413116
"서울대학교",주점,일반 유흥 주점,25,0.050893826118413116
"서울대학교",동남아시아,베트남식 전문,24,0.050893826118413116
"서울대학교",한식,국수/칼국수,24,0.050893826118413116
"서울대학교",한식,횟집,24,0.050893826118413116
"서울대학교",한식,곱창 전골/구이,20,0.050893826118413116
"서울대학교",한식,해산물 구이/찜,20,0.050893826118413116
"서울대학교",기타 간이,그 외 기타 간이 음식점,18,0.050893826118413116
"서울대학교",기타 간이,버거,14,0.050893826118413116
"서울대학교",한식,닭/오리고기 구이/찜,13,0.050893826118413116
"서울대학교",중식,마라탕/훠궈,11,0.050893826118413116
"서울대학교",기타 간이,떡/한과,10,0.050893826118413116
"서울대학교",기타 간이,토스트/샌드위치/샐러드,10,0.050893826118413116
"서울대학교",일식,일식 면 요리,9,0.050893826118413116
"서울대학교",서양식,기타 서양식 음식점,8,0.050893826118413116
"서울대학교",한식,냉면/밀면,8,0.050893826118413116
"서울대학교",구내식당·뷔페,구내식당,7,0.050893826118413116
"서울대학교",일식,일식 카레/돈가스/덮밥,7,0.050893826118413116
"서울대학교",한식,소고기 구이/찜,7,0.050893826118413116
"서울대학교",한식,족발/보쌈,7,0.050893826118413116
"서울대학교",서양식,파스타/스테이크,6,0.050893826118413116
"서울대학교",기타 간이,아이스크림/빙수,5,0.050893826118413116
"서울대학교",한식,기타 한식 음식점,4,0.050893826118413116
"서울대학교",한식,전/부침개,3,0.050893826118413116
"서울대학교",구내식당·뷔페,뷔페,1,0.050893826118413116
"서울대학교",동남아시아,기타 동남아식 전문,1,0.050893826118413116
"서울대학교",서양식,패밀리레스토랑,1,0.050893826118413116
"서울대학교",일식,기타 일식 음식점,1,0.050893826118413116
"서울시립대학교",비알코올,카페,120,0.15047719852977298
"서울시립대학교",한식,백반/한정식,113,0.15047719852977298
"서울시립대학교",기타 간이,김밥/만두/분식,64,0.15047719852977298
"서울시립대학교",주점,요리 주점,54,0.15047719852977298
"서울시립대학교",기타 간이,치킨,42,0.15047719852977298
"서울시립대학교",한식,돼지고기 구이/찜,36,0.15047719852977298
"서울시립대학교",기타 간이,피자,26,0.15047719852977298
"서울시립대학교",기타 간이,빵/도넛,25,0.15047719852977298
"서울시립대학교",한식,국/탕/찌개류,24,0.15047719852977298
"서울시립대학교",서양식,경양식,21,0.15047719852977298
"서울시립대학교",주점,생맥주 전문,17,0.15047719852977298
"서울시립대학교",중식,중국집,15,0.15047719852977298
"서울시립대학교",일식,일식 회/초밥,14,0.15047719852977298
"서울시립대학교",주점,일반 유흥 주점,12,0.15047719852977298
"서울시립대학교",한식,곱창 전골/구이,10,0.15047719852977298
"서울시립대학교",한식,국수/칼국수,10,0.15047719852977298
"서울시립대학교",기타 간이,그 외 기타 간이 음식점,9,0.15047719852977298
"서울시립대학교",기타 간이,떡/한과,8,0.15047719852977298
"서울시립대학교",한식,닭/오리고기 구이/찜,8,0.15047719852977298
"서울시립대학교",기타 간이,토스트/샌드위치/샐러드,7,0.15047719852977298
"서울시립대학교",동남아시아,베트남식 전문,7,0.15047719852977298
"서울시립대학교",일식,일식 카레/돈가스/덮밥,7,0.15047719852977298
"서울시립대학교",중식,마라탕/훠궈,7,0.15047719852977298
"서울시립대학교",한식,해산물 구이/찜,7,0.15047719852977298
"서울시립대학교",한식,족발/보쌈,6,0.15047719852977298
"서울시립대학교",한식,횟집,5,0.15047719852977298
"서울시립대학교",기타 간이,버거,4,0.15047719852977298
"서울시립대학교",서양식,기타 서양식 음식점,4,0.15047719852977298
"서울시립대학교",일식,일식 면 요리,4,0.15047719852977298
"서울시립대학교",한식,소고기 구이/찜,3,0.15047719852977298
"서울시립대학교",한식,전/부침개,3,0.15047719852977298
"서울시립대학교",구내식당·뷔페,구내식당,2,0.15047719852977298
"서울시립대학교",기타 간이,아이스크림/빙수,2,0.15047719852977298
"서울시립대학교",서양식,파스타/스테이크,2,0.15047719852977298
"서울시립대학교",한식,기타 한식 음식점,2,0.15047719852977298
"서울시립대학교",동남아시아,기타 동남아식 전문,1,0.15047719852977298
"서울시립대학교",일식,기타 일식 음식점,1,0.15047719852977298
"서울시립대학교",한식,냉면/밀면,1,0.15047719852977298
"서울여자간호대학교",비알코올,카페,34,0.044676232967563005
"서울여자간호대학교",한식,백반/한정식,32,0.044676232967563005
"서울여자간호대학교",기타 간이,김밥/만두/분식,16,0.044676232967563005
"서울여자간호대학교",한식,돼지고기 구이/찜,15,0.044676232967563005
"서울여자간호대학교",기타 간이,치킨,11,0.044676232967563005
"서울여자간호대학교",주점,요리 주점,10,0.044676232967563005
"서울여자간호대학교",기타 간이,피자,8,0.044676232967563005
"서울여자간호대학교",한식,국/탕/찌개류,7,0.044676232967563005
"서울여자간호대학교",한식,국수/칼국수,6,0.044676232967563005
"서울여자간호대학교",중식,중국집,5,0.044676232967563005
"서울여자간호대학교",기타 간이,빵/도넛,4,0.044676232967563005
"서울여자간호대학교",기타 간이,떡/한과,3,0.044676232967563005
"서울여자간호대학교",일식,일식 회/초밥,3,0.044676232967563005
"서울여자간호대학교",구내식당·뷔페,구내식당,2,0.044676232967563005
"서울여자간호대학교",기타 간이,그 외 기타 간이 음식점,2,0.044676232967563005
"서울여자간호대학교",기타 간이,버거,2,0.044676232967563005
"서울여자간호대학교",서양식,경양식,2,0.044676232967563005
"서울여자간호대학교",일식,일식 면 요리,2,0.044676232967563005
"서울여자간호대학교",기타 간이,아이스크림/빙수,1,0.044676232967563005
"서울여자간호대학교",기타 간이,토스트/샌드위치/샐러드,1,0.044676232967563005
"서울여자간호대학교",서양식,기타 서양식 음식점,1,0.044676232967563005
"서울여자간호대학교",주점,생맥주 전문,1,0.044676232967563005
"서울여자간호대학교",주점,일반 유흥 주점,1,0.044676232967563005
"서울여자간호대학교",한식,곱창 전골/구이,1,0.044676232967563005
"서울여자간호대학교",한식,기타 한식 음식점,1,0.044676232967563005
"서울여자간호대학교",한식,닭/오리고기 구이/찜,1,0.044676232967563005
"서울여자간호대학교",한식,소고기 구이/찜,1,0.044676232967563005
"서울여자간호대학교",한식,족발/보쌈,1,0.044676232967563005
"서울여자간호대학교",한식,해산물 구이/찜,1,0.044676232967563005
"서울여자대학교",비알코올,카페,13,0.2084915480722616
"서울여자대학교",한식,백반/한정식,6,0.2084915480722616
"서울여자대학교",기타 간이,김밥/만두/분식,5,0.2084915480722616
"서울여자대학교",기타 간이,빵/도넛,4,0.2084915480722616
"서울여자대학교",서양식,경양식,4,0.2084915480722616
"서울여자대학교",기타 간이,피자,3,0.2084915480722616
"서울여자대학교",구내식당·뷔페,구내식당,1,0.2084915480722616
"서울여자대학교",기타 간이,버거,1,0.2084915480722616
"서울여자대학교",기타 간이,아이스크림/빙수,1,0.2084915480722616
"서울여자대학교",기타 간이,치킨,1,0.2084915480722616
"서울여자대학교",동남아시아,베트남식 전문,1,0.2084915480722616
"서울여자대학교",일식,일식 카레/돈가스/덮밥,1,0.2084915480722616
"서울여자대학교",일식,일식 회/초밥,1,0.2084915480722616
"서울여자대학교",중식,중국집,1,0.2084915480722616
"서울여자대학교",한식,국/탕/찌개류,1,0.2084915480722616
"서울여자대학교",한식,국수/칼국수,1,0.2084915480722616
"서울여자대학교",한식,돼지고기 구이/찜,1,0.2084915480722616
"서울한영대학교",비알코올,카페,16,0.02260942963945496
"서울한영대학교",주점,요리 주점,13,0.02260942963945496
"서울한영대학교",기타 간이,치킨,10,0.02260942963945496
"서울한영대학교",한식,백반/한정식,10,0.02260942963945496
"서울한영대학교",주점,생맥주 전문,6,0.02260942963945496
"서울한영대학교",기타 간이,김밥/만두/분식,5,0.02260942963945496
"서울한영대학교",일식,일식 회/초밥,5,0.02260942963945496
"서울한영대학교",주점,일반 유흥 주점,5,0.02260942963945496
"서울한영대학교",한식,돼지고기 구이/찜,5,0.02260942963945496
"서울한영대학교",기타 간이,빵/도넛,4,0.02260942963945496
"서울한영대학교",기타 간이,피자,4,0.02260942963945496
"서울한영대학교",기타 간이,떡/한과,3,0.02260942963945496
"서울한영대학교",중식,중국집,3,0.02260942963945496
"서울한영대학교",한식,국/탕/찌개류,3,0.02260942963945496
"서울한영대학교",한식,국수/칼국수,3,0.02260942963945496
"서울한영대학교",한식,횟집,3,0.02260942963945496
"서울한영대학교",서양식,기타 서양식 음식점,2,0.02260942963945496
"서울한영대학교",한식,닭/오리고기 구이/찜,2,0.02260942963945496
"서울한영대학교",한식,소고기 구이/찜,2,0.02260942963945496
"서울한영대학교",구내식당·뷔페,구내식당,1,0.02260942963945496
"서울한영대학교",기타 간이,버거,1,0.02260942963945496
"서울한영대학교",동남아시아,베트남식 전문,1,0.02260942963945496
"서울한영대학교",서양식,경양식,1,0.02260942963945496
"서울한영대학교",중식,마라탕/훠궈,1,0.02260942963945496
"서울한영대학교",한식,해산물 구이/찜,1,0.02260942963945496
"서일대학교",비알코올,카페,25,0.503014590618594
"서일대학교",한식,백반/한정식,21,0.503014590618594
"서일대학교",기타 간이,김밥/만두/분식,14,0.503014590618594
"서일대학교",주점,요리 주점,14,0.503014590618594
"서일대학교",한식,국/탕/찌개류,8,0.503014590618594
"서일대학교",한식,돼지고기 구이/찜,8,0.503014590618594
"서일대학교",기타 간이,그 외 기타 간이 음식점,6,0.503014590618594
"서일대학교",기타 간이,치킨,6,0.503014590618594
"서일대학교",한식,국수/칼국수,6,0.503014590618594
"서일대학교",주점,생맥주 전문,5,0.503014590618594
"서일대학교",기타 간이,빵/도넛,4,0.503014590618594
"서일대학교",기타 간이,피자,4,0.503014590618594
"서일대학교",서양식,경양식,4,0.503014590618594
"서일대학교",주점,일반 유흥 주점,4,0.503014590618594
"서일대학교",중식,중국집,3,0.503014590618594
"서일대학교",한식,곱창 전골/구이,3,0.503014590618594
"서일대학교",일식,일식 회/초밥,2,0.503014590618594
"서일대학교",한식,해산물 구이/찜,2,0.503014590618594
"서일대학교",한식,횟집,2,0.503014590618594
"서일대학교",구내식당·뷔페,구내식당,1,0.503014590618594
"서일대학교",기타 간이,떡/한과,1,0.503014590618594
"서일대학교",기타 간이,버거,1,0.503014590618594
"서일대학교",동남아시아,베트남식 전문,1,0.503014590618594
"서일대학교",중식,마라탕/훠궈,1,0.503014590618594
"서일대학교",한식,기타 한식 음식점,1,0.503014590618594
"서일대학교",한식,족발/보쌈,1,0.503014590618594
"성공회대학교",기타 간이,치킨,6,0.10985168214156515
"성공회대학교",한식,백반/한정식,6,0.10985168214156515
"성공회대학교",한식,국수/칼국수,5,0.10985168214156515
"성공회대학교",주점,요리 주점,4,0.10985168214156515
"성공회대학교",한식,돼지고기 구이/찜,4,0.10985168214156515
"성공회대학교",중식,중국집,3,0.10985168214156515
"성공회대학교",기타 간이,빵/도넛,2,0.10985168214156515
"성공회대학교",기타 간이,피자,2,0.10985168214156515
"성공회대학교",한식,국/탕/찌개류,2,0.10985168214156515
"성공회대학교",한식,횟집,2,0.10985168214156515
"성공회대학교",기타 간이,그 외 기타 간이 음식점,1,0.10985168214156515
"성공회대학교",기타 간이,김밥/만두/분식,1,0.10985168214156515
"성공회대학교",비알코올,카페,1,0.10985168214156515
"성공회대학교",주점,생맥주 전문,1,0.10985168214156515
"성공회대학교",중식,마라탕/훠궈,1,0.10985168214156515
"성균관대학교",비알코올,카페,39,0.7970091911518414
"성균관대학교",한식,백반/한정식,35,0.7970091911518414
"성균관대학교",주점,요리 주점,13,0.7970091911518414
"성균관대학교",기타 간이,김밥/만두/분식,10,0.7970091911518414
"성균관대학교",기타 간이,치킨,10,0.7970091911518414
"성균관대학교",서양식,경양식,10,0.7970091911518414
"성균관대학교",중식,중국집,10,0.7970091911518414
"성균관대학교",기타 간이,피자,8,0.7970091911518414
"성균관대학교",한식,돼지고기 구이/찜,8,0.7970091911518414
"성균관대학교",기타 간이,빵/도넛,5,0.7970091911518414
"성균관대학교",한식,국/탕/찌개류,5,0.7970091911518414
"성균관대학교",기타 간이,버거,3,0.7970091911518414
"성균관대학교",주점,일반 유흥 주점,3,0.7970091911518414
"성균관대학교",한식,곱창 전골/구이,3,0.7970091911518414
"성균관대학교",한식,국수/칼국수,3,0.7970091911518414
"성균관대학교",구내식당·뷔페,구내식당,2,0.7970091911518414
"성균관대학교",기타 간이,토스트/샌드위치/샐러드,2,0.7970091911518414
"성균관대학교",동남아시아,베트남식 전문,2,0.7970091911518414
"성균관대학교",일식,일식 면 요리,2,0.7970091911518414
"성균관대학교",중식,마라탕/훠궈,2,0.7970091911518414
"성균관대학교",기타 간이,그 외 기타 간이 음식점,1,0.7970091911518414
"성균관대학교",서양식,기타 서양식 음식점,1,0.7970091911518414
"성균관대학교",일식,일식 카레/돈가스/덮밥,1,0.7970091911518414
"성균관대학교",일식,일식 회/초밥,1,0.7970091911518414
"성균관대학교",한식,기타 한식 음식점,1,0.7970091911518414
"성균관대학교",한식,닭/오리고기 구이/찜,1,0.7970091911518414
"성균관대학교",한식,족발/보쌈,1,0.7970091911518414
"성균관대학교",한식,해산물 구이/찜,1,0.7970091911518414
"성균관대학교",한식,횟집,1,0.7970091911518414
"성신여자대학교",비알코올,카페,136,0.3742547262081809
"성신여자대학교",한식,백반/한정식,92,0.3742547262081809
"성신여자대학교",주점,요리 주점,71,0.3742547262081809
"성신여자대학교",한식,돼지고기 구이/찜,42,0.3742547262081809
"성신여자대학교",기타 간이,김밥/만두/분식,41,0.3742547262081809
"성신여자대학교",일식,일식 회/초밥,36,0.3742547262081809
"성신여자대학교",서양식,경양식,29,0.3742547262081809
"성신여자대학교",기타 간이,빵/도넛,25,0.3742547262081809
"성신여자대학교",주점,생맥주 전문,24,0.3742547262081809
"성신여자대학교",중식,중국집,23,0.3742547262081809
"성신여자대학교",기타 간이,치킨,21,0.3742547262081809
"성신여자대학교",기타 간이,피자,21,0.3742547262081809
"성신여자대학교",한식,국/탕/찌개류,13,0.3742547262081809
"성신여자대학교",한식,국수/칼국수,13,0.3742547262081809
"성신여자대학교",기타 간이,그 외 기타 간이 음식점,12,0.3742547262081809
"성신여자대학교",주점,일반 유흥 주점,12,0.3742547262081809
"성신여자대학교",한식,횟집,11,0.3742547262081809
"성신여자대학교",동남아시아,베트남식 전문,7,0.3742547262081809
"성신여자대학교",한식,곱창 전골/구이,7,0.3742547262081809
"성신여자대학교",한식,소고기 구이/찜,7,0.3742547262081809
"성신여자대학교",기타 간이,떡/한과,6,0.3742547262081809
"성신여자대학교",한식,닭/오리고기 구이/찜,6,0.3742547262081809
"성신여자대학교",기타 간이,버거,5,0.3742547262081809
"성신여자대학교",기타 간이,토스트/샌드위치/샐러드,5,0.3742547262081809
"성신여자대학교",일식,일식 면 요리,5,0.3742547262081809
"성신여자대학교",일식,일식 카레/돈가스/덮밥,5,0.3742547262081809
"성신여자대학교",중식,마라탕/훠궈,5,0.3742547262081809
"성신여자대학교",한식,해산물 구이/찜,5,0.3742547262081809
"성신여자대학교",기타 간이,아이스크림/빙수,4,0.3742547262081809
"성신여자대학교",한식,족발/보쌈,4,0.3742547262081809
"성신여자대학교",서양식,파스타/스테이크,3,0.3742547262081809
"성신여자대학교",구내식당·뷔페,구내식당,2,0.3742547262081809
"성신여자대학교",일식,기타 일식 음식점,2,0.3742547262081809
"성신여자대학교",한식,기타 한식 음식점,2,0.3742547262081809
"성신여자대학교",한식,냉면/밀면,2,0.3742547262081809
"성신여자대학교",서양식,기타 서양식 음식점,1,0.3742547262081809
"성신여자대학교",한식,전/부침개,1,0.3742547262081809
"세종대학교",비알코올,카페,76,0.5161079625386872
"세종대학교",한식,백반/한정식,61,0.5161079625386872
"세종대학교",주점,요리 주점,40,0.5161079625386872
"세종대학교",기타 간이,김밥/만두/분식,32,0.5161079625386872
"세종대학교",기타 간이,치킨,29,0.5161079625386872
"세종대학교",한식,돼지고기 구이/찜,29,0.5161079625386872
"세종대학교",서양식,경양식,20,0.5161079625386872
"세종대학교",기타 간이,빵/도넛,18,0.5161079625386872
"세종대학교",기타 간이,피자,18,0.5161079625386872
"세종대학교",중식,중국집,15,0.5161079625386872
"세종대학교",한식,국/탕/찌개류,11,0.5161079625386872
"세종대학교",일식,일식 회/초밥,10,0.5161079625386872
"세종대학교",기타 간이,그 외 기타 간이 음식점,8,0.5161079625386872
"세종대학교",한식,국수/칼국수,8,0.5161079625386872
"세종대학교",주점,생맥주 전문,7,0.5161079625386872
"세종대학교",서양식,파스타/스테이크,6,0.5161079625386872
"세종대학교",중식,마라탕/훠궈,6,0.5161079625386872
"세종대학교",한식,닭/오리고기 구이/찜,6,0.5161079625386872
"세종대학교",구내식당·뷔페,구내식당,5,0.5161079625386872
"세종대학교",기타 간이,버거,5,0.5161079625386872
"세종대학교",동남아시아,베트남식 전문,5,0.5161079625386872
"세종대학교",주점,일반 유흥 주점,4,0.5161079625386872
"세종대학교",한식,소고기 구이/찜,4,0.5161079625386872
"세종대학교",한식,해산물 구이/찜,4,0.5161079625386872
"세종대학교",기타 간이,떡/한과,3,0.5161079625386872
"세종대학교",기타 간이,아이스크림/빙수,3,0.5161079625386872
"세종대학교",기타 간이,토스트/샌드위치/샐러드,3,0.5161079625386872
"세종대학교",일식,일식 카레/돈가스/덮밥,3,0.5161079625386872
"세종대학교",한식,횟집,3,0.5161079625386872
"세종대학교",일식,일식 면 요리,2,0.5161079625386872
"세종대학교",한식,곱창 전골/구이,2,0.5161079625386872
"세종대학교",한식,냉면/밀면,2,0.5161079625386872
"세종대학교",한식,족발/보쌈,2,0.5161079625386872
"세종대학교",구내식당·뷔페,뷔페,1,0.5161079625386872
"세종대학교",서양식,기타 서양식 음식점,1,0.5161079625386872
"세종대학교",서양식,패밀리레스토랑,1,0.5161079625386872
"숙명여자대학교",비알코올,카페,54,0.6029181237187989
"숙명여자대학교",한식,백반/한정식,32,0.6029181237187989
"숙명여자대학교",기타 간이,김밥/만두/분식,22,0.6029181237187989
"숙명여자대학교",서양식,경양식,13,0.6029181237187989
"숙명여자대학교",기타 간이,빵/도넛,12,0.6029181237187989
"숙명여자대학교",주점,요리 주점,11,0.6029181237187989
"숙명여자대학교",한식,돼지고기 구이/찜,11,0.6029181237187989
"숙명여자대학교",기타 간이,치킨,9,0.6029181237187989
"숙명여자대학교",동남아시아,베트남식 전문,8,0.6029181237187989
"숙명여자대학교",일식,일식 회/초밥,8,0.6029181237187989
"숙명여자대학교",기타 간이,피자,6,0.6029181237187989
"숙명여자대학교",한식,국/탕/찌개류,6,0.6029181237187989
"숙명여자대학교",중식,마라탕/훠궈,4,0.6029181237187989
"숙명여자대학교",중식,중국집,4,0.6029181237187989
"숙명여자대학교",한식,냉면/밀면,4,0.6029181237187989
"숙명여자대학교",한식,족발/보쌈,4,0.6029181237187989
"숙명여자대학교",기타 간이,그 외 기타 간이 음식점,3,0.6029181237187989
"숙명여자대학교",기타 간이,토스트/샌드위치/샐러드,3,0.6029181237187989
"숙명여자대학교",한식,국수/칼국수,3,0.6029181237187989
"숙명여자대학교",기타 간이,떡/한과,2,0.6029181237187989
"숙명여자대학교",기타 간이,버거,2,0.6029181237187989
"숙명여자대학교",기타 간이,아이스크림/빙수,2,0.6029181237187989
"숙명여자대학교",서양식,파스타/스테이크,2,0.6029181237187989
"숙명여자대학교",일식,일식 카레/돈가스/덮밥,2,0.6029181237187989
"숙명여자대학교",한식,곱창 전골/구이,2,0.6029181237187989
"숙명여자대학교",한식,닭/오리고기 구이/찜,2,0.6029181237187989
"숙명여자대학교",구내식당·뷔페,구내식당,1,0.6029181237187989
"숙명여자대학교",일식,기타 일식 음식점,1,0.6029181237187989
"숙명여자대학교",주점,일반 유흥 주점,1,0.6029181237187989
"숙명여자대학교",한식,소고기 구이/찜,1,0.6029181237187989
"숭실대학교",비알코올,카페,31,0.5946129265645725
"숭실대학교",한식,백반/한정식,31,0.5946129265645725
"숭실대학교",기타 간이,김밥/만두/분식,27,0.5946129265645725
"숭실대학교",기타 간이,치킨,15,0.5946129265645725
"숭실대학교",주점,요리 주점,14,0.5946129265645725
"숭실대학교",한식,돼지고기 구이/찜,12,0.5946129265645725
"숭실대학교",기타 간이,빵/도넛,11,0.5946129265645725
"숭실대학교",주점,생맥주 전문,8,0.5946129265645725
"숭실대학교",서양식,경양식,7,0.5946129265645725
"숭실대학교",중식,중국집,7,0.5946129265645725
"숭실대학교",기타 간이,토스트/샌드위치/샐러드,6,0.5946129265645725
"숭실대학교",기타 간이,피자,6,0.5946129265645725
"숭실대학교",기타 간이,그 외 기타 간이 음식점,5,0.5946129265645725
"숭실대학교",일식,일식 회/초밥,5,0.5946129265645725
"숭실대학교",한식,국수/칼국수,5,0.5946129265645725
"숭실대학교",기타 간이,버거,4,0.5946129265645725
"숭실대학교",동남아시아,베트남식 전문,4,0.5946129265645725
"숭실대학교",한식,닭/오리고기 구이/찜,4,0.5946129265645725
"숭실대학교",기타 간이,떡/한과,2,0.5946129265645725
"숭실대학교",서양식,기타 서양식 음식점,2,0.5946129265645725
"숭실대학교",서양식,파스타/스테이크,2,0.5946129265645725
"숭실대학교",한식,국/탕/찌개류,2,0.5946129265645725
"숭실대학교",한식,해산물 구이/찜,2,0.5946129265645725
"숭실대학교",기타 간이,아이스크림/빙수,1,0.5946129265645725
"숭실대학교",일식,일식 면 요리,1,0.5946129265645725
"숭실대학교",일식,일식 카레/돈가스/덮밥,1,0.5946129265645725
"숭실대학교",주점,무도 유흥 주점,1,0.5946129265645725
"숭실대학교",중식,마라탕/훠궈,1,0.5946129265645725
"숭실대학교",한식,곱창 전골/구이,1,0.5946129265645725
"숭실대학교",한식,냉면/밀면,1,0.5946129265645725
"숭실대학교",한식,소고기 구이/찜,1,0.5946129265645725
"숭실대학교",한식,횟집,1,0.5946129265645725
"숭의여자대학교",비알코올,카페,26,0.18648257566622453
"숭의여자대학교",한식,백반/한정식,21,0.18648257566622453
"숭의여자대학교",서양식,경양식,20,0.18648257566622453
"숭의여자대학교",한식,돼지고기 구이/찜,7,0.18648257566622453
"숭의여자대학교",주점,요리 주점,6,0.18648257566622453
"숭의여자대학교",구내식당·뷔페,구내식당,4,0.18648257566622453
"숭의여자대학교",기타 간이,김밥/만두/분식,4,0.18648257566622453
"숭의여자대학교",동남아시아,베트남식 전문,3,0.18648257566622453
"숭의여자대학교",주점,생맥주 전문,3,0.18648257566622453
"숭의여자대학교",중식,중국집,3,0.18648257566622453
"숭의여자대학교",기타 간이,그 외 기타 간이 음식점,2,0.18648257566622453
"숭의여자대학교",기타 간이,치킨,2,0.18648257566622453
"숭의여자대학교",한식,국수/칼국수,2,0.18648257566622453
"숭의여자대학교",한식,해산물 구이/찜,2,0.18648257566622453
"숭의여자대학교",한식,횟집,2,0.18648257566622453
"숭의여자대학교",기타 간이,빵/도넛,1,0.18648257566622453
"숭의여자대학교",기타 간이,피자,1,0.18648257566622453
"숭의여자대학교",일식,일식 회/초밥,1,0.18648257566622453
"숭의여자대학교",한식,소고기 구이/찜,1,0.18648257566622453
"연세대학교",비알코올,카페,499,0.1411092955209336
"연세대학교",한식,백반/한정식,338,0.1411092955209336
"연세대학교",주점,요리 주점,253,0.1411092955209336
"연세대학교",서양식,경양식,205,0.1411092955209336
"연세대학교",일식,일식 회/초밥,132,0.1411092955209336
"연세대학교",기타 간이,빵/도넛,126,0.1411092955209336
"연세대학교",기타 간이,김밥/만두/분식,118,0.1411092955209336
"연세대학교",한식,돼지고기 구이/찜,105,0.1411092955209336
"연세대학교",중식,중국집,89,0.1411092955209336
"연세대학교",기타 간이,피자,76,0.1411092955209336
"연세대학교",기타 간이,치킨,55,0.1411092955209336
"연세대학교",주점,일반 유흥 주점,42,0.1411092955209336
"연세대학교",한식,국/탕/찌개류,40,0.1411092955209336
"연세대학교",주점,생맥주 전문,37,0.1411092955209336
"연세대학교",한식,국수/칼국수,32,0.1411092955209336
"연세대학교",동남아시아,베트남식 전문,29,0.1411092955209336
"연세대학교",기타 간이,그 외 기타 간이 음식점,27,0.1411092955209336
"연세대학교",중식,마라탕/훠궈,19,0.1411092955209336
"연세대학교",한식,닭/오리고기 구이/찜,18,0.1411092955209336
"연세대학교",구내식당·뷔페,구내식당,16,0.1411092955209336
"연세대학교",기타 간이,버거,15,0.1411092955209336
"연세대학교",일식,일식 카레/돈가스/덮밥,15,0.1411092955209336
"연세대학교",한식,곱창 전골/구이,15,0.1411092955209336
"연세대학교",서양식,파스타/스테이크,14,0.1411092955209336
"연세대학교",한식,해산물 구이/찜,14,0.1411092955209336
"연세대학교",한식,횟집,13,0.1411092955209336
"연세대학교",일식,일식 면 요리,12,0.1411092955209336
"연세대학교",기타 간이,토스트/샌드위치/샐러드,11,0.1411092955209336
"연세대학교",서양식,기타 서양식 음식점,9,0.1411092955209336
"연세대학교",한식,족발/보쌈,9,0.1411092955209336
"연세대학교",기타 간이,떡/한과,8,0.1411092955209336
"연세대학교",한식,냉면/밀면,8,0.1411092955209336
"연세대학교",기타 간이,아이스크림/빙수,5,0.1411092955209336
"연세대학교",동남아시아,기타 동남아식 전문,4,0.1411092955209336
"연세대학교",일식,기타 일식 음식점,4,0.1411092955209336
"연세대학교",한식,소고기 구이/찜,4,0.1411092955209336
"연세대학교",구내식당·뷔페,뷔페,2,0.1411092955209336
"연세대학교",주점,무도 유흥 주점,1,0.1411092955209336
"연세대학교",한식,기타 한식 음식점,1,0.1411092955209336
"연세대학교",한식,복 요리 전문,1,0.1411092955209336
"연세대학교",한식,전/부침개,1,0.1411092955209336
"이화여자대학교",비알코올,카페,192,0.22695345472084894
"이화여자대학교",한식,백반/한정식,167,0.22695345472084894
"이화여자대학교",기타 간이,김밥/만두/분식,71,0.22695345472084894
"이화여자대학교",주점,요리 주점,71,0.22695345472084894
"이화여자대학교",기타 간이,빵/도넛,54,0.22695345472084894
"이화여자대학교",서양식,경양식,50,0.22695345472084894
"이화여자대학교",한식,돼지고기 구이/찜,49,0.22695345472084894
"이화여자대학교",기타 간이,피자,31,0.22695345472084894
"이화여자대학교",일식,일식 회/초밥,31,0.22695345472084894
"이화여자대학교",기타 간이,치킨,30,0.22695345472084894
"이화여자대학교",중식,중국집,27,0.22695345472084894
"이화여자대학교",한식,국/탕/찌개류,23,0.22695345472084894
"이화여자대학교",기타 간이,그 외 기타 간이 음식점,18,0.22695345472084894
"이화여자대학교",한식,국수/칼국수,17,0.22695345472084894
"이화여자대학교",동남아시아,베트남식 전문,14,0.22695345472084894
"이화여자대학교",중식,마라탕/훠궈,14,0.22695345472084894
"이화여자대학교",구내식당·뷔페,구내식당,13,0.22695345472084894
"이화여자대학교",주점,일반 유흥 주점,9,0.22695345472084894
"이화여자대학교",한식,닭/오리고기 구이/찜,9,0.22695345472084894
"이화여자대학교",기타 간이,버거,8,0.22695345472084894
"이화여자대학교",일식,일식 카레/돈가스/덮밥,8,0.22695345472084894
"이화여자대학교",기타 간이,토스트/샌드위치/샐러드,6,0.22695345472084894
"이화여자대학교",서양식,파스타/스테이크,6,0.22695345472084894
"이화여자대학교",한식,곱창 전골/구이,6,0.22695345472084894
"이화여자대학교",한식,소고기 구이/찜,5,0.22695345472084894
"이화여자대학교",한식,족발/보쌈,5,0.22695345472084894
"이화여자대학교",한식,횟집,5,0.22695345472084894
"이화여자대학교",기타 간이,떡/한과,4,0.22695345472084894
"이화여자대학교",일식,일식 면 요리,4,0.22695345472084894
"이화여자대학교",주점,생맥주 전문,4,0.22695345472084894
"이화여자대학교",한식,해산물 구이/찜,4,0.22695345472084894
"이화여자대학교",기타 간이,아이스크림/빙수,3,0.22695345472084894
"이화여자대학교",동남아시아,기타 동남아식 전문,3,0.22695345472084894
"이화여자대학교",서양식,기타 서양식 음식점,3,0.22695345472084894
"이화여자대학교",한식,냉면/밀면,3,0.22695345472084894
"이화여자대학교",구내식당·뷔페,뷔페,2,0.22695345472084894
"인덕대학교",비알코올,카페,16,0.4789581574822139
"인덕대학교",한식,백반/한정식,11,0.4789581574822139
"인덕대학교",기타 간이,치킨,9,0.4789581574822139
"인덕대학교",기타 간이,김밥/만두/분식,5,0.4789581574822139
"인덕대학교",한식,돼지고기 구이/찜,5,0.4789581574822139
"인덕대학교",기타 간이,빵/도넛,4,0.4789581574822139
"인덕대학교",일식,일식 회/초밥,3,0.4789581574822139
"인덕대학교",중식,중국집,3,0.4789581574822139
"인덕대학교",기타 간이,떡/한과,2,0.4789581574822139
"인덕대학교",기타 간이,피자,2,0.4789581574822139
"인덕대학교",주점,요리 주점,2,0.4789581574822139
"인덕대학교",한식,곱창 전골/구이,2,0.4789581574822139
"인덕대학교",한식,국/탕/찌개류,2,0.4789581574822139
"인덕대학교",한식,닭/오리고기 구이/찜,2,0.4789581574822139
"인덕대학교",한식,횟집,2,0.4789581574822139
"인덕대학교",구내식당·뷔페,구내식당,1,0.4789581574822139
"인덕대학교",기타 간이,그 외 기타 간이 음식점,1,0.4789581574822139
"인덕대학교",기타 간이,버거,1,0.4789581574822139
"인덕대학교",주점,생맥주 전문,1,0.4789581574822139
"인덕대학교",중식,마라탕/훠궈,1,0.4789581574822139
"인덕대학교",한식,족발/보쌈,1,0.4789581574822139
"인덕대학교",한식,해산물 구이/찜,1,0.4789581574822139
"중앙대학교",비알코올,카페,63,0.7692498358722886
"중앙대학교",한식,백반/한정식,45,0.7692498358722886
"중앙대학교",기타 간이,김밥/만두/분식,27,0.7692498358722886
"중앙대학교",주점,요리 주점,26,0.7692498358722886
"중앙대학교",일식,일식 회/초밥,13,0.7692498358722886
"중앙대학교",기타 간이,빵/도넛,10,0.7692498358722886
"중앙대학교",한식,돼지고기 구이/찜,10,0.7692498358722886
"중앙대학교",중식,중국집,8,0.7692498358722886
"중앙대학교",한식,국/탕/찌개류,8,0.7692498358722886
"중앙대학교",기타 간이,치킨,7,0.7692498358722886
"중앙대학교",구내식당·뷔페,구내식당,6,0.7692498358722886
"중앙대학교",주점,생맥주 전문,6,0.7692498358722886
"중앙대학교",기타 간이,피자,5,0.7692498358722886
"중앙대학교",서양식,경양식,5,0.7692498358722886
"중앙대학교",기타 간이,토스트/샌드위치/샐러드,4,0.7692498358722886
"중앙대학교",한식,곱창 전골/구이,4,0.7692498358722886
"중앙대학교",중식,마라탕/훠궈,3,0.7692498358722886
"중앙대학교",한식,국수/칼국수,3,0.7692498358722886
"중앙대학교",한식,닭/오리고기 구이/찜,3,0.7692498358722886
"중앙대학교",기타 간이,그 외 기타 간이 음식점,2,0.7692498358722886
"중앙대학교",기타 간이,버거,2,0.7692498358722886
"중앙대학교",기타 간이,아이스크림/빙수,2,0.7692498358722886
"중앙대학교",동남아시아,베트남식 전문,2,0.7692498358722886
"중앙대학교",서양식,파스타/스테이크,2,0.7692498358722886
"중앙대학교",일식,일식 카레/돈가스/덮밥,2,0.7692498358722886
"중앙대학교",한식,족발/보쌈,2,0.7692498358722886
"중앙대학교",한식,횟집,2,0.7692498358722886
"중앙대학교",기타 간이,떡/한과,1,0.7692498358722886
"중앙대학교",동남아시아,기타 동남아식 전문,1,0.7692498358722886
"중앙대학교",서양식,기타 서양식 음식점,1,0.7692498358722886
"중앙대학교",일식,일식 면 요리,1,0.7692498358722886
"중앙대학교",주점,일반 유흥 주점,1,0.7692498358722886
"총신대학교",비알코올,카페,20,0.07054142047509948
"총신대학교",한식,백반/한정식,10,0.07054142047509948
"총신대학교",기타 간이,치킨,7,0.07054142047509948
"총신대학교",기타 간이,김밥/만두/분식,5,0.07054142047509948
"총신대학교",기타 간이,피자,3,0.07054142047509948
"총신대학교",중식,중국집,3,0.07054142047509948
"총신대학교",한식,국/탕/찌개류,3,0.07054142047509948
"총신대학교",주점,요리 주점,2,0.07054142047509948
"총신대학교",주점,일반 유흥 주점,2,0.07054142047509948
"총신대학교",한식,돼지고기 구이/찜,2,0.07054142047509948
"총신대학교",기타 간이,그 외 기타 간이 음식점,1,0.07054142047509948
"총신대학교",기타 간이,떡/한과,1,0.07054142047509948
"총신대학교",기타 간이,버거,1,0.07054142047509948
"총신대학교",기타 간이,빵/도넛,1,0.07054142047509948
"총신대학교",서양식,경양식,1,0.07054142047509948
"총신대학교",서양식,파스타/스테이크,1,0.07054142047509948
"총신대학교",일식,일식 회/초밥,1,0.07054142047509948
"총신대학교",중식,마라탕/훠궈,1,0.07054142047509948
"총신대학교",한식,곱창 전골/구이,1,0.07054142047509948
"총신대학교",한식,국수/칼국수,1,0.07054142047509948
"총신대학교",한식,소고기 구이/찜,1,0.07054142047509948
"총신대학교",한식,족발/보쌈,1,0.07054142047509948
"한국외국어대학교",비알코올,카페,49,1.0
"한국외국어대학교",한식,백반/한정식,45,1.0
"한국외국어대학교",주점,요리 주점,24,1.0
"한국외국어대학교",기타 간이,피자,17,1.0
"한국외국어대학교",서양식,경양식,15,1.0
"한국외국어대학교",기타 간이,김밥/만두/분식,12,1.0
"한국외국어대학교",기타 간이,치킨,12,1.0
"한국외국어대학교",한식,국/탕/찌개류,11,1.0
"한국외국어대학교",중식,중국집,10,1.0
"한국외국어대학교",동남아시아,베트남식 전문,8,1.0
"한국외국어대학교",일식,일식 회/초밥,8,1.0
"한국외국어대학교",한식,돼지고기 구이/찜,8,1.0
"한국외국어대학교",기타 간이,빵/도넛,7,1.0
"한국외국어대학교",한식,족발/보쌈,7,1.0
"한국외국어대학교",한식,닭/오리고기 구이/찜,6,1.0
"한국외국어대학교",기타 간이,버거,4,1.0
"한국외국어대학교",기타 간이,토스트/샌드위치/샐러드,4,1.0
"한국외국어대학교",주점,생맥주 전문,4,1.0
"한국외국어대학교",주점,일반 유흥 주점,4,1.0
"한국외국어대학교",일식,일식 면 요리,3,1.0
"한국외국어대학교",중식,마라탕/훠궈,3,1.0
"한국외국어대학교",한식,곱창 전골/구이,3,1.0
"한국외국어대학교",한식,국수/칼국수,3,1.0
"한국외국어대학교",구내식당·뷔페,뷔페,2,1.0
"한국외국어대학교",기타 간이,그 외 기타 간이 음식점,2,1.0
"한국외국어대학교",기타 간이,아이스크림/빙수,2,1.0
"한국외국어대학교",구내식당·뷔페,구내식당,1,1.0
"한국외국어대학교",일식,기타 일식 음식점,1,1.0
"한국외국어대학교",일식,일식 카레/돈가스/덮밥,1,1.0
"한국외국어대학교",한식,냉면/밀면,1,1.0
"한국외국어대학교",한식,소고기 구이/찜,1,1.0
"한국외국어대학교",한식,횟집,1,1.0
"한국폴리텍대학",한식,백반/한정식,87,0.12818039310261667
"한국폴리텍대학",비알코올,카페,71,0.12818039310261667
"한국폴리텍대학",주점,요리 주점,32,0.12818039310261667
"한국폴리텍대학",기타 간이,김밥/만두/분식,29,0.12818039310261667
"한국폴리텍대학",한식,돼지고기 구이/찜,28,0.12818039310261667
"한국폴리텍대학",기타 간이,빵/도넛,23,0.12818039310261667
"한국폴리텍대학",일식,일식 회/초밥,23,0.12818039310261667
"한국폴리텍대학",한식,국/탕/찌개류,21,0.12818039310261667
"한국폴리텍대학",서양식,경양식,16,0.12818039310261667
"한국폴리텍대학",기타 간이,치킨,14,0.12818039310261667
"한국폴리텍대학",한식,국수/칼국수,13,0.12818039310261667
"한국폴리텍대학",기타 간이,피자,10,0.12818039310261667
"한국폴리텍대학",중식,중국집,9,0.12818039310261667
"한국폴리텍대학",한식,횟집,9,0.12818039310261667
"한국폴리텍대학",주점,생맥주 전문,8,0.12818039310261667
"한국폴리텍대학",한식,해산물 구이/찜,8,0.12818039310261667
"한국폴리텍대학",기타 간이,그 외 기타 간이 음식점,7,0.12818039310261667
"한국폴리텍대학",한식,소고기 구이/찜,7,0.12818039310261667
"한국폴리텍대학",한식,족발/보쌈,7,0.12818039310261667
"한국폴리텍대학",동남아시아,베트남식 전문,6,0.12818039310261667
"한국폴리텍대학",구내식당·뷔페,구내식당,5,0.12818039310261667
"한국폴리텍대학",기타 간이,토스트/샌드위치/샐러드,5,0.12818039310261667
"한국폴리텍대학",기타 간이,떡/한과,3,0.12818039310261667
"한국폴리텍대학",기타 간이,버거,3,0.12818039310261667
"한국폴리텍대학",주점,일반 유흥 주점,3,0.12818039310261667
"한국폴리텍대학",서양식,기타 서양식 음식점,2,0.12818039310261667
"한국폴리텍대학",서양식,파스타/스테이크,2,0.12818039310261667
"한국폴리텍대학",일식,일식 면 요리,2,0.12818039310261667
"한국폴리텍대학",중식,마라탕/훠궈,2,0.12818039310261667
"한국폴리텍대학",한식,냉면/밀면,2,0.12818039310261667
"한국폴리텍대학",한식,전/부침개,2,0.12818039310261667
"한국폴리텍대학",기타 외국,분류 안된 외국식 음식점,1,0.12818039310261667
"한국폴리텍대학",동남아시아,기타 동남아식 전문,1,0.12818039310261667
"한국폴리텍대학",일식,일식 카레/돈가스/덮밥,1,0.12818039310261667
"한국폴리텍대학",한식,닭/오리고기 구이/찜,1,0.12818039310261667
"한성대학교",비알코올,카페,22,0.41034607500301457
"한성대학교",한식,백반/한정식,10,0.41034607500301457
"한성대학교",기타 간이,김밥/만두/분식,6,0.41034607500301457
"한성대학교",기타 간이,빵/도넛,4,0.41034607500301457
"한성대학교",서양식,경양식,4,0.41034607500301457
"한성대학교",기타 간이,피자,3,0.41034607500301457
"한성대학교",주점,요리 주점,3,0.41034607500301457
"한성대학교",일식,일식 회/초밥,2,0.41034607500301457
"한성대학교",중식,중국집,2,0.41034607500301457
"한성대학교",한식,국/탕/찌개류,2,0.41034607500301457
"한성대학교",구내식당·뷔페,구내식당,1,0.41034607500301457
"한성대학교",기타 간이,그 외 기타 간이 음식점,1,0.41034607500301457
"한성대학교",기타 간이,치킨,1,0.41034607500301457
"한성대학교",일식,일식 카레/돈가스/덮밥,1,0.41034607500301457
"한성대학교",한식,국수/칼국수,1,0.41034607500301457
"한성대학교",한식,돼지고기 구이/찜,1,0.41034607500301457
"한성대학교",한식,족발/보쌈,1,0.41034607500301457
"한양대학교",비알코올,카페,121,0.29326086406354906
"한양대학교",한식,백반/한정식,83,0.29326086406354906
"한양대학교",주점,요리 주점,45,0.29326086406354906
"한양대학교",한식,돼지고기 구이/찜,35,0.29326086406354906
"한양대학교",기타 간이,김밥/만두/분식,33,0.29326086406354906
"한양대학교",서양식,경양식,30,0.29326086406354906
"한양대학교",기타 간이,치킨,28,0.29326086406354906
"한양대학교",일식,일식 회/초밥,23,0.29326086406354906
"한양대학교",기타 간이,빵/도넛,22,0.29326086406354906
"한양대학교",기타 간이,피자,21,0.29326086406354906
"한양대학교",중식,중국집,16,0.29326086406354906
"한양대학교",주점,생맥주 전문,12,0.29326086406354906
"한양대학교",한식,국/탕/찌개류,11,0.29326086406354906
"한양대학교",기타 간이,그 외 기타 간이 음식점,10,0.29326086406354906
"한양대학교",한식,곱창 전골/구이,8,0.29326086406354906
"한양대학교",한식,닭/오리고기 구이/찜,8,0.29326086406354906
"한양대학교",동남아시아,베트남식 전문,7,0.29326086406354906
"한양대학교",중식,마라탕/훠궈,7,0.29326086406354906
"한양대학교",한식,해산물 구이/찜,7,0.29326086406354906
"한양대학교",일식,일식 면 요리,6,0.29326086406354906
"한양대학교",주점,일반 유흥 주점,6,0.29326086406354906
"한양대학교",한식,족발/보쌈,6,0.29326086406354906
"한양대학교",구내식당·뷔페,구내식당,5,0.29326086406354906
"한양대학교",기타 간이,버거,5,0.29326086406354906
"한양대학교",기타 간이,토스트/샌드위치/샐러드,5,0.29326086406354906
"한양대학교",일식,일식 카레/돈가스/덮밥,5,0.29326086406354906
"한양대학교",기타 간이,떡/한과,4,0.29326086406354906
"한양대학교",한식,국수/칼국수,4,0.29326086406354906
"한양대학교",한식,소고기 구이/찜,4,0.29326086406354906
"한양대학교",기타 간이,아이스크림/빙수,3,0.29326086406354906
"한양대학교",한식,냉면/밀면,2,0.29326086406354906
"한양대학교",한식,횟집,2,0.29326086406354906
"한양대학교",구내식당·뷔페,뷔페,1,0.29326086406354906
"한양대학교",동남아시아,기타 동남아식 전문,1,0.29326086406354906
"한양대학교",서양식,기타 서양식 음식점,1,0.29326086406354906
"한양대학교",서양식,파스타/스테이크,1,0.29326086406354906
"한양대학교",서양식,패밀리레스토랑,1,0.29326086406354906
"한양대학교",한식,기타 한식 음식점,1,0.29326086406354906
"한양대학교",한식,전/부침개,1,0.29326086406354906
"한양여자대학교",비알코올,카페,19,0.44127577474978896
"한양여자대학교",한식,백반/한정식,9,0.44127577474978896
"한양여자대학교",한식,국/탕/찌개류,3,0.44127577474978896
"한양여자대학교",구내식당·뷔페,구내식당,2,0.44127577474978896
"한양여자대학교",기타 간이,빵/도넛,2,0.44127577474978896
"한양여자대학교",일식,일식 회/초밥,2,0.44127577474978896
"한양여자대학교",주점,요리 주점,2,0.44127577474978896
"한양여자대학교",중식,중국집,2,0.44127577474978896
"한양여자대학교",한식,곱창 전골/구이,2,0.44127577474978896
"한양여자대학교",한식,국수/칼국수,2,0.44127577474978896
"한양여자대학교",한식,해산물 구이/찜,2,0.44127577474978896
"한양여자대학교",기타 간이,김밥/만두/분식,1,0.44127577474978896
"한양여자대학교",기타 간이,치킨,1,0.44127577474978896
"한양여자대학교",기타 간이,피자,1,0.44127577474978896
"한양여자대학교",동남아시아,기타 동남아식 전문,1,0.44127577474978896
"한양여자대학교",서양식,경양식,1,0.44127577474978896
"한양여자대학교",주점,생맥주 전문,1,0.44127577474978896
"한양여자대학교",중식,마라탕/훠궈,1,0.44127577474978896
"홍익대학교",비알코올,카페,296,0.4968899473451505
"홍익대학교",한식,백반/한정식,212,0.4968899473451505
"홍익대학교",주점,요리 주점,211,0.4968899473451505
"홍익대학교",일식,일식 회/초밥,101,0.4968899473451505
"홍익대학교",서양식,경양식,97,0.4968899473451505
"홍익대학교",기타 간이,김밥/만두/분식,62,0.4968899473451505
"홍익대학교",한식,돼지고기 구이/찜,57,0.4968899473451505
"홍익대학교",중식,중국집,41,0.4968899473451505
"홍익대학교",기타 간이,빵/도넛,39,0.4968899473451505
"홍익대학교",기타 간이,피자,37,0.4968899473451505
"홍익대학교",주점,생맥주 전문,36,0.4968899473451505
"홍익대학교",기타 간이,치킨,33,0.4968899473451505
"홍익대학교",주점,일반 유흥 주점,29,0.4968899473451505
"홍익대학교",기타 간이,그 외 기타 간이 음식점,13,0.4968899473451505
"홍익대학교",동남아시아,베트남식 전문,12,0.4968899473451505
"홍익대학교",일식,일식 면 요리,12,0.4968899473451505
"홍익대학교",한식,곱창 전골/구이,12,0.4968899473451505
"홍익대학교",한식,국/탕/찌개류,12,0.4968899473451505
"홍익대학교",한식,닭/오리고기 구이/찜,12,0.4968899473451505
"홍익대학교",서양식,파스타/스테이크,11,0.4968899473451505
"홍익대학교",한식,국수/칼국수,11,0.4968899473451505
"홍익대학교",일식,일식 카레/돈가스/덮밥,9,0.4968899473451505
"홍익대학교",서양식,기타 서양식 음식점,8,0.4968899473451505
"홍익대학교",주점,무도 유흥 주점,8,0.4968899473451505
"홍익대학교",중식,마라탕/훠궈,8,0.4968899473451505
"홍익대학교",한식,해산물 구이/찜,7,0.4968899473451505
"홍익대학교",한식,횟집,7,0.4968899473451505
"홍익대학교",기타 간이,버거,6,0.4968899473451505
"홍익대학교",기타 간이,토스트/샌드위치/샐러드,6,0.4968899473451505
"홍익대학교",한식,소고기 구이/찜,6,0.4968899473451505
"홍익대학교",기타 간이,아이스크림/빙수,4,0.4968899473451505
"홍익대학교",일식,기타 일식 음식점,4,0.4968899473451505
"홍익대학교",구내식당·뷔페,구내식당,3,0.4968899473451505
"홍익대학교",한식,족발/보쌈,3,0.4968899473451505
"홍익대학교",한식,기타 한식 음식점,2,0.4968899473451505
"홍익대학교",한식,냉면/밀면,2,0.4968899473451505
"홍익대학교",동남아시아,기타 동남아식 전문,1,0.4968899473451505
"홍익대학교",한식,전/부침개,1,0.4968899473451505
